"","wouldvote","peacefactor","peace_formerenemies","peace_jjindiv","peace_jjtribes","gos_soldier_execute","directlyharmed","age","farmer_dar","herder_dar","pastvoted","hhsize_darfur","village","female"
"91",0,1,1,1,1,0,0,30,0,0,1,23,"Abdel Khair",0
"92",0,0.706830720721758,0,1,1,0,0,20,1,0,1,5,"Abdi Dar",1
"103",1,0,0,0,0,1,0,45,1,0,0,15,"Abu Sorog",0
"106",1,0.495177711644244,1,0,0,0,1,55,0,0,0,9,"Abu Dejaj",0
"107",0,0,0,0,0,1,1,25,1,0,1,7,"Abu Dejaj",1
"109",0,0,0,0,0,1,0,33,1,1,0,6,"Abu Dejaj",1
"110",0,0,0,0,0,1,1,25,0,0,0,12,"Abu Gamra",0
"112",0,0.797991567633998,1,1,1,1,0,25,0,0,1,5,"Abu Gamra",1
"115",0,0,0,0,0,1,0,60,1,0,1,6,"Abu Gamra",1
"116",0,0,0,0,0,1,1,30,1,0,0,15,"Abu Gamra",1
"117",0,0.202008432366002,0,0,0,0,0,35,1,0,1,8,"Abu Gamra",0
"120",0,0,0,0,0,1,0,30,1,0,0,17,"Abu Gamra",1
"122",0,0,0,0,0,1,0,35,1,1,1,8,"Abu Gamra",0
"124",0,0.202008432366002,0,0,0,0,1,37,1,0,1,3,"Abu Gamra",1
"125",0,0.592909987627917,1,0,1,1,0,50,1,0,1,10,"Abu Gamra",1
"126",0,0.592909987627917,1,0,1,1,0,40,1,0,1,5,"Abu Gamra",0
"127",0,0.293169279278242,1,0,0,1,0,55,1,1,0,4,"Abu Gamra",1
"128",0,0,0,0,0,1,0,20,1,0,1,7,"Abu Gamra",0
"129",0,0.202008432366002,0,0,0,0,0,22,1,0,1,8,"Abu Gamra",1
"130",0,0,0,0,0,1,0,32,0,0,0,6,"Abu Gamra",1
"131",0,0.592909987627917,1,0,1,1,0,18,0,0,1,17,"Abu Gamra",1
"132",1,0.794918419993918,1,0,1,0,1,19,0,0,1,2,"Abu Gamra",0
"135",0,0.202008432366002,0,0,0,0,0,74,1,0,1,60,"Abu Gamra",0
"136",0,0,0,0,0,1,0,24,0,0,1,5,"Abu Gamra",1
"137",0,0.293169279278242,1,0,0,1,0,18,1,0,1,4,"Abu Gamra",1
"138",0,0,0,0,0,1,0,40,1,1,1,3,"Abu Gamra",1
"139",0,0.797991567633998,1,1,1,1,0,39,0,0,0,16,"Abu Gamra",0
"140",1,0.293169279278242,1,0,0,1,1,38,1,0,1,7,"Abu Gamra",0
"141",0,0.592909987627917,1,0,1,1,0,90,1,0,1,13,"Abu Gamra",0
"142",0,0,0,0,0,1,0,49,1,0,1,9,"Abu Gamra",1
"143",0,0,0,0,0,1,0,70,1,1,1,9,"Abu Gamra",0
"144",1,0.794918419993918,1,0,1,0,1,32,0,0,0,8,"Abu Gamra",0
"147",0,0.592909987627917,1,0,1,1,0,23,0,0,1,18,"Abu Gamra",1
"149",0,0,0,0,0,1,1,29,1,0,1,7,"Abu Gamra",0
"150",0,0,0,0,0,1,0,37,1,1,1,13,"Abu Gamra",0
"152",0,0.299740708349675,0,0,1,1,1,50,1,0,0,19,"Abu Gamra",0
"153",0,0,0,0,0,1,0,80,1,0,1,8,"Abu Gamra",1
"154",1,0.794918419993918,1,0,1,0,0,34,1,0,0,4,"Abu Gamra",0
"155",0,0.794918419993918,1,0,1,0,0,30,1,0,1,8,"Abu Gamra",1
"156",1,1,1,1,1,0,1,65,1,1,1,7,"Abu Gamra",0
"157",0,0.202008432366002,0,0,0,0,0,71,1,1,1,7,"Abu Gamra",1
"158",1,1,1,1,1,0,0,53,1,0,1,7,"Abu Gamra",0
"159",0,0,0,0,0,1,1,39,1,1,1,8,"Abu Gamra",0
"160",0,0,0,0,0,1,0,40,1,0,0,50,"Abu Gamra",1
"161",0,0.495177711644244,1,0,0,0,0,50,1,0,0,7,"Abu Gamra",0
"162",1,0.794918419993918,1,0,1,0,0,65,1,0,0,10,"Abu Gamra",0
"163",0,0.293169279278242,1,0,0,1,0,32,1,0,1,3,"Abu Gamra",0
"164",0,0.592909987627917,1,0,1,1,1,36,1,0,0,7,"Abu Gamra",0
"165",0,1,1,1,1,0,0,40,1,0,1,11,"Abu Gamra",0
"166",0,0,0,0,0,1,1,72,1,0,1,3,"Abu Gamra",0
"167",1,0,0,0,0,1,1,55,1,0,1,16,"Abu Gamra",0
"172",1,1,1,1,1,0,1,19,0,0,1,11,"Abu Gamra",0
"173",0,0.794918419993918,1,0,1,0,0,77,1,0,1,50,"Abu Gamra",0
"174",0,0,0,0,0,1,0,85,1,0,0,30,"Abu Gamra",0
"177",0,0,0,0,0,1,1,40,1,0,0,8,"Abu Gawar",0
"180",0,0,0,0,0,1,0,57,1,0,0,17,"Abu Geran",0
"182",0,0,0,0,0,1,1,40,1,1,1,10,"Abu Geran",1
"184",1,0.797991567633998,1,1,1,1,0,45,1,0,0,7,"Abu Jidad",0
"185",0,0.202008432366002,0,0,0,0,1,76,1,1,0,19,"Abu Jidad",0
"186",1,0,0,0,0,1,0,29,0,0,1,6,"Abu Lihya",1
"187",0,1,1,1,1,0,1,42,1,1,1,25,"Abu Lihya",0
"188",1,0.202008432366002,0,0,0,0,0,54,0,1,1,12,"Abu Lihya",0
"191",0,0,0,0,0,1,0,21,1,0,1,15,"Abu Lihya",1
"193",0,0,0,0,0,1,0,43,1,0,0,12,"Abu Mugu",0
"195",0,0.202008432366002,0,0,0,0,0,60,1,0,0,8,"Abu Shouka",0
"198",0,0.706830720721758,0,1,1,0,0,53,1,0,1,8,"Abu Sorog",0
"199",0,0.202008432366002,0,0,0,0,1,35,0,0,1,8,"Abu Sorog",1
"201",1,0.202008432366002,0,0,0,0,0,60,1,0,1,15,"Abune",0
"202",0,0,0,0,0,1,0,27,0,0,1,3,"Adar",0
"203",0,0.202008432366002,0,0,0,0,0,28,1,1,1,7,"Adar",1
"204",1,1,1,1,1,0,0,35,1,0,1,17,"Adar",0
"206",0,1,1,1,1,0,1,67,1,0,0,9,"Adar",0
"209",0,0,0,0,0,1,0,29,0,0,1,3,"Adar",1
"210",1,0.293169279278242,1,0,0,1,0,84,1,1,1,24,"Adar",0
"213",0,0,0,0,0,1,1,65,1,1,1,14,"Adar",1
"215",0,0,0,0,0,1,0,24,0,0,0,19,"Adar",1
"216",1,1,1,1,1,0,1,39,0,0,0,6,"Adar",0
"217",0,0,0,0,0,1,1,38,1,1,1,10,"Adar",1
"219",1,0.293169279278242,1,0,0,1,1,24,1,1,1,12,"Adar",0
"220",1,1,1,1,1,0,1,40,0,0,0,26,"Adar",0
"221",1,0.299740708349675,0,0,1,1,0,28,1,0,1,6,"Adar",0
"223",0,1,1,1,1,0,0,62,1,0,0,13,"Adar",0
"224",1,0.706830720721758,0,1,1,0,1,30,0,0,1,12,"Adar",0
"225",1,0.202008432366002,0,0,0,0,1,58,1,0,1,16,"Adar",0
"227",1,0.498250859284323,1,1,0,1,0,40,1,0,1,7,"Adar",0
"228",0,0.797991567633998,1,1,1,1,0,25,1,0,0,1,"Adar",0
"231",0,0,0,0,0,1,0,70,1,0,1,8,"Adar",1
"232",0,0.299740708349675,0,0,1,1,1,27,0,0,1,10,"Adar",0
"233",1,0.299740708349675,0,0,1,1,1,37,1,1,0,6,"Adar",0
"234",1,0.293169279278242,1,0,0,1,0,20,1,1,1,12,"Adar",0
"235",0,0.202008432366002,0,0,0,0,1,35,1,0,1,20,"Adar",1
"239",0,0.202008432366002,0,0,0,0,0,40,1,0,0,11,"Adar",1
"240",0,0,0,0,0,1,1,39,0,1,1,9,"Adar",1
"241",0,0.202008432366002,0,0,0,0,1,66,1,0,0,13,"Adar",0
"242",0,0.592909987627917,1,0,1,1,0,28,1,0,1,10,"Adar",1
"244",0,0,0,0,0,1,0,50,1,0,1,4,"Adar",1
"245",1,0.797991567633998,1,1,1,1,1,55,1,0,0,14,"Adar",0
"246",1,0.592909987627917,1,0,1,1,1,30,1,0,1,8,"Adar",0
"249",0,0.495177711644244,1,0,0,0,0,39,1,0,0,10,"Agadier",0
"251",1,0,0,0,0,1,1,21,1,1,1,9,"Agudna",1
"252",0,0,0,0,0,1,0,19,1,0,1,7,"Agumi",1
"254",0,0.797991567633998,1,1,1,1,1,18,0,0,1,7,"Aid Alkhair",0
"256",0,0.299740708349675,0,0,1,1,0,85,1,1,1,5,"Aid Alkhair",1
"258",0,0.592909987627917,1,0,1,1,0,42,0,0,1,25,"Aid Alkhair",0
"259",1,0,0,0,0,1,1,50,1,0,0,9,"Airgy",0
"260",0,1,1,1,1,0,1,35,1,1,1,15,"Aish Barra",1
"261",1,0.202008432366002,0,0,0,0,1,38,1,0,1,4,"Aish Barra",0
"262",0,0,0,0,0,1,0,20,1,0,1,8,"Aish Barra",1
"263",0,0,0,0,0,1,0,41,1,1,0,7,"Aish Barra",1
"264",0,0.794918419993918,1,0,1,0,0,26,1,0,1,7,"Aish Barra",0
"265",0,0,0,0,0,1,0,21,1,0,1,3,"Ajayana",0
"266",0,0.794918419993918,1,0,1,0,0,28,1,0,1,3,"Ajiji",0
"268",0,0,0,0,0,1,0,35,1,0,1,6,"Akomi",1
"271",0,0.706830720721758,0,1,1,0,1,23,0,0,1,14,"Al Gedisa",1
"274",1,1,1,1,1,0,1,44,0,0,0,18,"Al Geneina",0
"275",0,0,0,0,0,1,0,47,1,0,1,16,"Al Geneina",1
"278",1,0,0,0,0,1,0,40,1,0,1,5,"Allah Forga",1
"279",0,0.202008432366002,0,0,0,0,1,20,1,0,1,8,"Almetrabia",0
"284",0,0,0,0,0,1,0,38,0,0,0,15,"Am Baro",1
"287",0,0,0,0,0,1,0,35,1,0,1,5,"Am Baro",1
"290",0,0.293169279278242,1,0,0,1,0,80,1,1,1,7,"Am Baro",1
"291",1,1,1,1,1,0,0,60,1,1,0,15,"Am Baro",0
"292",1,0.794918419993918,1,0,1,0,1,23,0,0,1,11,"Am Dalal",0
"293",1,0.501749140715677,0,0,1,0,1,57,1,0,1,11,"Am Dalal",0
"294",1,0.794918419993918,1,0,1,0,1,46,1,0,1,5,"Am Dalal",0
"295",1,0.495177711644244,1,0,0,0,0,55,1,1,0,10,"Am Dariro",0
"296",0,0,0,0,0,1,0,35,1,0,1,8,"Am Dukhn",1
"298",1,1,1,1,1,0,1,40,1,0,1,20,"Am Jarad",0
"300",1,0.495177711644244,1,0,0,0,0,50,1,0,0,10,"Am Jemma",0
"301",0,0,0,0,0,1,1,40,1,0,0,21,"Am Kharouba",1
"304",0,0,0,0,0,1,1,28,1,0,1,7,"Amar",1
"305",1,0,0,0,0,1,0,50,1,0,1,8,"Amdukhn",1
"309",1,0.794918419993918,1,0,1,0,0,50,1,0,0,4,"Andabook",0
"312",0,0.202008432366002,0,0,0,0,1,25,1,0,1,10,"Anderola",1
"314",0,1,1,1,1,0,1,60,1,1,1,3,"Andita",1
"315",0,0,0,0,0,1,0,35,1,0,1,7,"Andita",0
"320",0,0.797991567633998,1,1,1,1,0,37,1,0,0,5,"Anjilati",0
"321",0,0.592909987627917,1,0,1,1,1,48,1,0,0,10,"Anjokati",0
"323",0,0.202008432366002,0,0,0,0,0,20,1,0,1,9,"Aorda",1
"324",0,0,0,0,0,1,0,35,1,1,0,4,"Aradeeba",1
"326",1,0,0,0,0,1,0,46,1,0,0,30,"Arara",0
"327",0,0,0,0,0,1,0,18,1,0,0,6,"Arara",1
"328",0,0.299740708349675,0,0,1,1,0,35,1,0,1,8,"Arara",1
"330",0,0.797991567633998,1,1,1,1,0,25,1,0,1,2,"Arara",0
"331",0,0.706830720721758,0,1,1,0,0,45,1,0,1,16,"Arara",0
"332",0,0.293169279278242,1,0,0,1,0,23,0,0,0,13,"Arara",1
"335",1,0.495177711644244,1,0,0,0,1,63,1,1,0,10,"Argote",0
"336",0,1,1,1,1,0,1,90,1,1,0,15,"Argoy",0
"337",0,0,0,0,0,1,0,45,1,0,1,12,"Arimba",1
"338",0,0.202008432366002,0,0,0,0,1,33,1,0,0,8,"Armi",1
"339",0,0,0,0,0,1,1,20,1,0,1,9,"Arola",1
"341",1,0,0,0,0,1,1,90,0,0,0,15,"Aroom",0
"342",0,0,0,0,0,1,1,27,1,0,1,3,"Aroom",1
"343",1,0,0,0,0,1,0,24,1,0,1,7,"Aroom",1
"344",0,0,0,0,0,1,0,25,1,0,1,20,"Aroom",1
"345",0,0,0,0,0,1,1,35,1,0,1,8,"Aroom",1
"346",0,0,0,0,0,1,1,35,1,1,1,7,"Aroom",1
"348",0,0,0,0,0,1,1,18,1,0,1,12,"Aroom",1
"350",0,0,0,0,0,1,1,27,1,0,1,5,"Aroom",1
"351",0,0,0,0,0,1,1,27,1,0,0,23,"Aroom",1
"352",0,0.202008432366002,0,0,0,0,1,18,1,0,1,6,"Aroom",1
"355",0,0,0,0,0,1,1,53,1,0,0,10,"Aroom",0
"356",1,1,1,1,1,0,0,40,1,0,0,5,"Arsa",0
"357",1,0.495177711644244,1,0,0,0,0,58,1,0,0,14,"Arsaliya",0
"358",0,0,0,0,0,1,0,28,1,0,1,4,"Asirni",1
"359",0,1,1,1,1,0,0,35,1,0,1,8,"Asirni",0
"360",0,0,0,0,0,1,1,27,0,0,1,12,"Asirni",1
"363",0,0,0,0,0,1,1,100,1,0,1,5,"Asirni",1
"365",0,0.794918419993918,1,0,1,0,1,19,0,1,1,5,"Ata",0
"367",0,0.293169279278242,1,0,0,1,1,45,1,0,0,3,"Aurab",1
"368",0,0.495177711644244,1,0,0,0,0,22,1,0,1,9,"AwSanga",1
"369",1,0.202008432366002,0,0,0,0,1,27,0,0,0,28,"Awrish",0
"371",1,0.202008432366002,0,0,0,0,0,30,1,0,1,13,"Badaria",0
"372",0,0,0,0,0,1,1,40,1,1,1,10,"Bajourba",1
"373",0,0.293169279278242,1,0,0,1,1,50,1,0,0,10,"Bakjo",0
"374",1,0.293169279278242,1,0,0,1,0,66,1,0,0,5,"Baldi",0
"376",0,0.202008432366002,0,0,0,0,1,35,1,0,1,5,"Bandis",1
"377",0,0,0,0,0,1,0,18,0,0,1,7,"Bandis",0
"379",0,0,0,0,0,1,0,60,1,0,1,22,"Bandis",1
"380",0,0,0,0,0,1,1,55,0,1,1,10,"Bandis",1
"381",0,0.202008432366002,0,0,0,0,1,22,1,0,1,6,"Bandis",1
"382",1,0,0,0,0,1,0,47,1,0,1,6,"Bandis",0
"383",0,0.202008432366002,0,0,0,0,1,28,1,0,1,18,"Bandis",1
"384",1,0.202008432366002,0,0,0,0,0,35,1,0,0,22,"Bandis",1
"386",0,0,0,0,0,1,1,33,1,0,1,20,"Bandis",1
"387",0,0.501749140715677,0,0,1,0,1,20,1,0,1,10,"Bandis",1
"389",1,0.501749140715677,0,0,1,0,0,26,1,0,1,2,"Bango",0
"390",0,0.202008432366002,0,0,0,0,1,77,1,0,0,20,"Baranga",0
"392",1,0.495177711644244,1,0,0,0,1,40,1,0,0,34,"Baranga",0
"393",0,0.202008432366002,0,0,0,0,0,85,1,0,0,7,"Bardia",0
"394",1,1,1,1,1,0,0,55,1,0,0,10,"Bardia",0
"395",1,0,0,0,0,1,1,30,1,0,1,8,"Bardia",0
"396",0,0,0,0,0,1,0,35,1,0,0,3,"Bare",1
"397",1,0.501749140715677,0,0,1,0,1,21,1,0,0,8,"Barkhalla",0
"400",0,0.794918419993918,1,0,1,0,0,40,1,1,0,16,"Basaw",1
"402",1,0,0,0,0,1,0,27,1,0,0,3,"Beero",1
"403",1,0.797991567633998,1,1,1,1,0,26,0,0,1,9,"Beida",0
"404",0,0,0,0,0,1,0,30,1,0,1,10,"Beida",1
"406",0,0.293169279278242,1,0,0,1,0,40,1,0,0,8,"Beida",1
"407",1,0,0,0,0,1,0,27,0,1,1,7,"Beida",1
"410",1,0.794918419993918,1,0,1,0,1,25,1,0,1,5,"Beida",0
"411",0,0,0,0,0,1,0,18,0,0,1,7,"Beida",0
"412",0,0.495177711644244,1,0,0,0,0,20,1,0,1,5,"Beida",1
"413",0,0,0,0,0,1,0,70,1,0,0,11,"Beida",1
"416",1,1,1,1,1,0,1,19,1,0,0,8,"Beida",0
"417",0,1,1,1,1,0,0,34,0,0,0,3,"Beida",0
"418",0,0,0,0,0,1,0,20,1,0,1,5,"Beida",1
"419",1,0.592909987627917,1,0,1,1,0,48,1,0,0,6,"Beida",0
"421",0,1,1,1,1,0,0,43,1,0,0,13,"Beida",0
"422",0,1,1,1,1,0,0,26,1,0,0,3,"Beida",0
"424",0,0.299740708349675,0,0,1,1,1,31,1,0,0,3,"Beida",1
"425",1,0.501749140715677,0,0,1,0,0,27,1,0,1,4,"Beir Saliba",1
"426",1,0.293169279278242,1,0,0,1,0,25,1,0,0,9,"Beir Saliba",1
"427",0,0.794918419993918,1,0,1,0,0,57,0,0,1,14,"Beir Saliba",0
"428",1,0,0,0,0,1,1,38,1,0,0,10,"Beir Saliba",0
"429",0,0.202008432366002,0,0,0,0,0,27,1,0,1,5,"Beir Saliba",1
"430",0,0.293169279278242,1,0,0,1,0,37,0,0,0,6,"Beir Saliba",0
"431",0,0.202008432366002,0,0,0,0,0,18,0,0,1,10,"Beir Saliba",0
"432",1,0,0,0,0,1,0,52,1,0,0,15,"Beir Saliba",0
"433",1,0.495177711644244,1,0,0,0,1,43,1,1,1,8,"Beir Saliba",0
"434",0,0.202008432366002,0,0,0,0,0,46,1,0,0,11,"Beir Saliba",0
"435",0,0.797991567633998,1,1,1,1,0,43,1,0,1,7,"Beir Saliba",0
"437",0,0.592909987627917,1,0,1,1,0,20,1,0,1,7,"Beir Saliba",1
"438",0,0.592909987627917,1,0,1,1,0,67,1,0,1,8,"Beir Saliba",1
"440",1,0.495177711644244,1,0,0,0,0,33,1,0,0,5,"Berdia",0
"442",1,0.293169279278242,1,0,0,1,1,19,0,0,1,5,"Bireiga",0
"443",1,0.202008432366002,0,0,0,0,1,20,1,0,1,5,"Bertabid",1
"445",1,1,1,1,1,0,0,26,1,0,1,8,"Bida Alginina",0
"446",0,0,0,0,0,1,0,35,1,0,0,8,"Bidigy",1
"447",1,0.592909987627917,1,0,1,1,1,53,1,1,1,13,"Bidt Faraga",0
"448",0,0.797991567633998,1,1,1,1,0,59,1,0,1,33,"Bier Saliba",0
"449",1,0,0,0,0,1,0,37,1,0,1,15,"Biera",0
"450",0,0,0,0,0,1,1,25,1,0,1,10,"Bigaga",1
"451",0,0.202008432366002,0,0,0,0,0,53,1,0,0,10,"Binary Mbila",0
"452",1,0.794918419993918,1,0,1,0,1,51,1,0,1,40,"Bindis",0
"453",1,0.293169279278242,1,0,0,1,0,40,0,0,0,13,"Bindis",0
"454",1,0.293169279278242,1,0,0,1,0,59,1,1,1,6,"Bindis",0
"455",1,0,0,0,0,1,1,35,1,0,1,16,"Bindis",0
"456",0,0,0,0,0,1,1,37,1,0,1,12,"Bindis",1
"459",0,0.293169279278242,1,0,0,1,0,40,0,0,0,5,"Bindis",0
"460",0,0,0,0,0,1,0,26,1,0,1,8,"Bindis",1
"461",0,0.202008432366002,0,0,0,0,1,20,1,1,1,8,"Bindis",1
"462",0,0.293169279278242,1,0,0,1,0,80,1,0,0,5,"Bindis",0
"464",1,0.202008432366002,0,0,0,0,1,64,1,1,0,14,"Bindis",0
"465",1,0.794918419993918,1,0,1,0,0,35,1,0,1,4,"Bindis",1
"466",1,0.794918419993918,1,0,1,0,1,43,1,0,0,16,"Bindis",0
"467",1,0,0,0,0,1,1,26,1,0,0,7,"Bindis",1
"468",1,0.794918419993918,1,0,1,0,1,29,1,0,0,2,"Bindis",0
"469",1,0.501749140715677,0,0,1,0,1,41,1,0,1,8,"Bindis",1
"470",0,0.495177711644244,1,0,0,0,1,69,1,0,1,9,"Binediyah",0
"471",1,0.797991567633998,1,1,1,1,1,32,1,0,1,4,"Biot Mofarag",0
"473",1,0.794918419993918,1,0,1,0,0,19,0,0,0,7,"Bir Tabat",0
"474",1,0.495177711644244,1,0,0,0,1,49,1,0,1,17,"Bir Tabat",0
"477",1,0.504822288355756,0,1,1,1,0,48,1,0,1,13,"Birdeya",0
"478",0,0,0,0,0,1,0,20,1,0,1,8,"Birdeya",1
"480",1,0.501749140715677,0,0,1,0,1,50,1,1,1,8,"Birgy",1
"481",0,0.293169279278242,1,0,0,1,1,35,1,0,1,8,"Birhaliba",1
"482",1,0.495177711644244,1,0,0,0,0,37,1,0,1,9,"Birtabit",0
"483",1,0.202008432366002,0,0,0,0,0,20,1,0,1,2,"Bla Al Biyya",1
"485",0,0.592909987627917,1,0,1,1,0,26,1,0,1,7,"Boba",1
"486",0,0,0,0,0,1,1,35,1,0,1,3,"Boba",1
"488",0,0.592909987627917,1,0,1,1,0,65,1,1,1,7,"Boba",1
"489",0,0,0,0,0,1,0,54,1,0,1,10,"Boranga",0
"490",1,0,0,0,0,1,1,19,1,0,1,5,"Borat",1
"491",1,0.794918419993918,1,0,1,0,1,33,1,1,0,4,"Borgio",0
"492",1,0.495177711644244,1,0,0,0,1,90,1,0,0,6,"Boymawang",0
"494",0,0,0,0,0,1,0,23,1,0,1,4,"Brega",0
"495",0,0,0,0,0,1,1,40,1,0,1,6,"Brega",1
"497",0,0.797991567633998,1,1,1,1,0,25,0,0,1,6,"Brega",0
"498",1,0.797991567633998,1,1,1,1,1,48,1,0,1,16,"Bukar",0
"500",1,0.202008432366002,0,0,0,0,0,28,1,0,1,3,"Coda Mee",0
"502",0,0,0,0,0,1,0,30,1,0,1,4,"Congi",1
"504",0,0,0,0,0,1,1,30,1,0,1,6,"Dabaky",1
"506",0,0,0,0,0,1,1,38,1,0,1,9,"Dabis",1
"507",0,0,0,0,0,1,0,40,1,0,0,6,"Dagjor",1
"508",1,0,0,0,0,1,0,36,1,0,1,4,"Dagjor",0
"509",0,0.293169279278242,1,0,0,1,0,55,1,0,0,7,"Dalta",0
"514",1,0.202008432366002,0,0,0,0,1,20,0,0,1,9,"Damra",1
"515",1,0.202008432366002,0,0,0,0,1,29,0,0,1,18,"Damra",0
"516",1,0.797991567633998,1,1,1,1,1,40,1,0,0,14,"Damra",0
"519",0,0.202008432366002,0,0,0,0,1,36,1,1,1,10,"Damra",1
"520",0,0,0,0,0,1,1,38,1,0,1,3,"Damra",0
"521",0,1,1,1,1,0,0,45,1,0,0,8,"Dangojaro",1
"523",1,0,0,0,0,1,1,43,1,0,0,13,"Danko",0
"527",0,0,0,0,0,1,1,35,1,0,0,8,"Dardure",1
"528",1,0.794918419993918,1,0,1,0,1,56,1,1,1,9,"Dargily",0
"530",0,0,0,0,0,1,0,28,1,0,1,4,"Dasa",1
"533",0,0,0,0,0,1,0,37,1,0,0,6,"Deegada",0
"534",0,0,0,0,0,1,0,23,1,0,1,6,"Deero",0
"535",1,0,0,0,0,1,1,25,1,0,1,15,"Dengar",0
"537",0,0,0,0,0,1,0,29,1,0,1,6,"Derenda",0
"540",0,0,0,0,0,1,0,26,1,0,1,17,"Derisa",1
"543",1,0.700259291650325,1,1,0,0,1,45,1,0,1,9,"Dinbo Kabdi",1
"544",0,0,0,0,0,1,1,37,1,0,0,13,"Dingajour",1
"545",0,0.299740708349675,0,0,1,1,0,25,1,0,1,13,"Dinjir",1
"546",0,0,0,0,0,1,0,37,1,0,1,10,"Dirdkna",0
"548",1,0.794918419993918,1,0,1,0,1,67,1,1,1,16,"Dirgily",0
"549",1,1,1,1,1,0,1,36,1,0,1,13,"Diria",0
"550",0,0,0,0,0,1,1,45,1,1,1,18,"Dirisa",1
"552",1,0.202008432366002,0,0,0,0,1,23,1,0,0,2,"Dirisa",0
"553",1,0.202008432366002,0,0,0,0,0,33,1,1,1,6,"Diro",0
"554",0,0.293169279278242,1,0,0,1,1,40,1,0,0,6,"Diro",1
"556",1,0.501749140715677,0,0,1,0,0,41,1,0,0,6,"Dofata",0
"560",1,0.794918419993918,1,0,1,0,1,36,1,0,1,5,"Dongita",0
"564",0,0,0,0,0,1,0,35,1,1,1,7,"Doty",1
"565",1,0.592909987627917,1,0,1,1,0,25,1,0,0,7,"Doudata",0
"567",1,0.797991567633998,1,1,1,1,0,37,1,0,1,7,"Driol",0
"568",0,0,0,0,0,1,0,35,1,0,0,5,"Dunjurou",1
"570",0,1,1,1,1,0,0,75,1,0,1,12,"Eid Elkhair",0
"572",0,0,0,0,0,1,0,27,1,0,1,3,"Eish Bida",1
"576",1,1,1,1,1,0,1,53,0,0,0,5,"El Fasher",0
"577",1,0.794918419993918,1,0,1,0,0,35,1,0,0,7,"El Fasher",0
"579",0,0.202008432366002,0,0,0,0,0,33,1,0,1,7,"Fanginta",1
"580",1,0,0,0,0,1,0,45,0,0,1,8,"Farne",1
"582",0,1,1,1,1,0,0,24,1,0,1,6,"Few",0
"585",0,0,0,0,0,1,0,40,1,0,1,5,"Fokdo",1
"586",0,0.293169279278242,1,0,0,1,0,59,1,0,0,9,"Fondlayat",0
"587",1,1,1,1,1,0,1,21,1,0,1,5,"Fonu",0
"588",0,0,0,0,0,1,0,25,1,0,1,8,"Fonu",1
"590",0,0.202008432366002,0,0,0,0,0,70,1,0,0,8,"Fur Baranga",1
"592",0,0,0,0,0,1,0,59,1,0,0,16,"Fur Barenga",0
"593",1,1,1,1,1,0,1,25,0,0,0,9,"Fur Barenga",0
"594",0,0,0,0,0,1,0,45,1,0,1,7,"FuraWiya",1
"595",0,1,1,1,1,0,1,37,0,0,0,7,"Furawiya",0
"597",0,0.592909987627917,1,0,1,1,0,45,1,1,1,6,"Furawiya",1
"598",0,0.592909987627917,1,0,1,1,0,50,1,1,0,5,"Furawiya",1
"599",1,0.299740708349675,0,0,1,1,0,50,1,0,1,9,"Furawiya",1
"601",0,0.592909987627917,1,0,1,1,0,20,1,0,1,10,"Furawiya",1
"602",1,0,0,0,0,1,1,41,0,0,1,12,"Furawiya",0
"603",0,0.794918419993918,1,0,1,0,0,40,1,0,1,8,"Furawiya",1
"608",1,0.299740708349675,0,0,1,1,0,28,0,0,1,22,"Furawiya",1
"609",0,0,0,0,0,1,0,24,1,0,1,11,"Furawiya",1
"610",1,0.794918419993918,1,0,1,0,1,43,1,0,0,5,"Furawiya",0
"611",0,0,0,0,0,1,0,25,0,0,0,11,"Furawiya",1
"612",0,0.293169279278242,1,0,0,1,0,29,1,0,1,5,"Furawiya",1
"613",1,0.495177711644244,1,0,0,0,0,41,0,0,1,17,"Furawiya",0
"614",1,0.797991567633998,1,1,1,1,1,51,1,1,1,8,"Furawiya",0
"618",0,0.495177711644244,1,0,0,0,1,25,0,0,0,9,"Furawiya",0
"619",0,0.794918419993918,1,0,1,0,1,25,1,0,1,5,"Furawiya",1
"620",1,0.592909987627917,1,0,1,1,1,21,0,0,1,9,"Furawiya",0
"621",0,0,0,0,0,1,0,28,1,0,1,6,"Furawiya",1
"622",1,1,1,1,1,0,1,24,1,1,1,12,"Furawiya",0
"623",1,1,1,1,1,0,1,28,1,0,1,11,"Furawiya",0
"625",1,0.794918419993918,1,0,1,0,1,63,1,0,0,9,"Furawiya",0
"628",1,0,0,0,0,1,0,54,1,0,0,7,"Furawiya",0
"630",0,0,0,0,0,1,0,40,1,0,1,8,"Furawiya",1
"634",0,1,1,1,1,0,1,37,1,1,0,7,"Furawiya",1
"635",1,0.794918419993918,1,0,1,0,1,68,1,0,0,9,"Furawiya",0
"639",0,0,0,0,0,1,0,33,1,0,1,9,"Furawiya",1
"640",0,0.797991567633998,1,1,1,1,1,35,1,1,0,9,"Furawiya",1
"642",0,0.495177711644244,1,0,0,0,0,25,1,1,1,2,"Furawiya",1
"645",0,0.797991567633998,1,1,1,1,0,37,1,0,1,21,"Furawiya",0
"647",0,0,0,0,0,1,0,67,1,0,0,7,"Furawiya",1
"649",0,0.202008432366002,0,0,0,0,0,40,1,0,1,9,"Furawiya",0
"650",0,0.592909987627917,1,0,1,1,0,25,1,0,1,40,"Furawiya",1
"652",0,0.202008432366002,0,0,0,0,0,45,1,1,1,5,"Furawiya",1
"653",1,0,0,0,0,1,1,90,1,1,0,22,"Furawiya",0
"654",1,0.706830720721758,0,1,1,0,1,55,1,0,1,17,"Furawiya",0
"658",0,0.202008432366002,0,0,0,0,0,27,1,0,0,22,"Furawiya",1
"660",1,1,1,1,1,0,1,20,1,0,1,8,"Furawiya",0
"661",1,0,0,0,0,1,1,26,1,0,1,3,"Furawiya",0
"663",1,0.794918419993918,1,0,1,0,0,39,0,0,0,12,"Furawiya",0
"664",0,0.504822288355756,0,1,1,1,1,18,0,0,1,18,"Furawiya",0
"667",0,0,0,0,0,1,0,30,1,0,1,7,"Furo",1
"671",1,0.202008432366002,0,0,0,0,1,48,1,0,0,8,"Gadir",0
"672",0,0.293169279278242,1,0,0,1,1,30,1,0,1,11,"Gadir",0
"673",1,0.202008432366002,0,0,0,0,1,52,1,0,0,17,"Galala",0
"675",1,0.797991567633998,1,1,1,1,0,28,1,0,1,6,"Garady",1
"679",0,0,0,0,0,1,0,37,1,0,1,21,"Garsila",0
"680",1,0.794918419993918,1,0,1,0,1,33,1,0,1,3,"Garsila",0
"683",1,0.794918419993918,1,0,1,0,1,76,1,1,0,16,"Garsila",0
"685",0,0,0,0,0,1,1,22,1,0,0,10,"Gasheeb",0
"686",0,0,0,0,0,1,0,50,1,1,1,7,"Gasimba",0
"687",0,1,1,1,1,0,0,37,1,0,0,7,"Gasimba",1
"688",0,0,0,0,0,1,1,25,1,0,0,10,"Gasmina",1
"689",0,0,0,0,0,1,1,30,1,0,0,15,"Gebeesh",1
"690",0,0.495177711644244,1,0,0,0,1,40,1,0,1,9,"Gebeesh",1
"691",0,0,0,0,0,1,0,25,1,0,1,30,"Gebeesh",1
"692",0,1,1,1,1,0,1,37,1,0,1,8,"Gedernii",0
"693",0,0.293169279278242,1,0,0,1,1,40,1,0,0,8,"Gemana",0
"694",0,0,0,0,0,1,0,24,1,0,0,14,"Gemena",1
"695",0,0,0,0,0,1,0,36,1,0,0,5,"Gemena",1
"697",0,0.794918419993918,1,0,1,0,0,45,1,0,1,12,"Ghibish",0
"699",1,0.592909987627917,1,0,1,1,0,18,1,1,1,6,"Ghoz Doggy",0
"701",0,0,0,0,0,1,0,27,1,0,1,3,"Ginfara",1
"704",1,1,1,1,1,0,0,27,0,0,0,8,"Girgida",0
"706",1,0.501749140715677,0,0,1,0,0,65,1,0,0,12,"Girgida",0
"708",0,0.592909987627917,1,0,1,1,0,35,1,0,1,7,"Girgida",1
"711",0,0,0,0,0,1,0,50,1,0,1,8,"Girgida",1
"714",0,0,0,0,0,1,1,20,0,0,0,9,"Girgida",1
"715",0,0.407090012372083,0,1,0,0,0,38,0,0,1,9,"Girgida",0
"716",0,0,0,0,0,1,0,25,1,1,1,4,"Girgida",1
"717",0,0.501749140715677,0,0,1,0,0,80,1,1,0,26,"Girgida",0
"719",0,1,1,1,1,0,0,36,1,0,0,6,"Girgida",1
"720",0,0,0,0,0,1,0,25,0,0,0,8,"Girgida",0
"721",0,0,0,0,0,1,0,45,1,1,1,8,"Girgida",1
"723",0,0.293169279278242,1,0,0,1,1,25,1,1,0,12,"Girgida",1
"724",0,0.293169279278242,1,0,0,1,1,38,1,0,0,6,"Gobi",1
"728",1,0.293169279278242,1,0,0,1,0,35,1,0,0,4,"Gobi",0
"729",0,1,1,1,1,0,1,40,1,0,0,8,"Gobi",0
"730",0,0,0,0,0,1,0,60,1,0,0,5,"Gobi",0
"734",0,0.202008432366002,0,0,0,0,1,31,0,0,1,12,"Gobi",0
"735",1,0,0,0,0,1,0,45,1,1,0,15,"Gobi",0
"736",1,0.202008432366002,0,0,0,0,1,23,0,0,1,6,"Gobi",0
"744",1,0,0,0,0,1,0,45,1,0,1,7,"Gobi",0
"746",0,0,0,0,0,1,0,25,1,0,1,7,"Gobi",1
"748",1,0,0,0,0,1,1,61,1,0,0,12,"Gobi",0
"753",0,0,0,0,0,1,0,48,1,0,0,11,"Gobi",0
"754",0,0.293169279278242,1,0,0,1,1,34,1,0,1,4,"Godambi",0
"756",1,1,1,1,1,0,1,60,1,0,1,7,"Gogar",0
"757",0,0,0,0,0,1,0,24,1,1,0,15,"Goji",1
"761",0,0,0,0,0,1,0,37,0,0,1,8,"Gondilat",0
"762",0,0,0,0,0,1,1,25,1,0,1,7,"Gondilat",1
"763",0,0,0,0,0,1,0,19,1,0,0,3,"Gondilat",1
"764",0,0.592909987627917,1,0,1,1,1,27,0,0,1,4,"Gondilat",1
"766",1,0.293169279278242,1,0,0,1,0,27,0,0,0,7,"Gondilat",0
"769",0,0.794918419993918,1,0,1,0,1,30,1,0,0,10,"Gono",1
"770",0,0,0,0,0,1,0,26,1,0,1,4,"Gono",0
"771",0,0,0,0,0,1,1,25,1,1,1,9,"Goraba",1
"772",0,0.202008432366002,0,0,0,0,1,40,0,0,0,5,"Goraba",1
"773",0,0,0,0,0,1,0,35,1,0,1,13,"Gorboki",1
"774",1,0.504822288355756,0,1,1,1,1,42,0,0,1,15,"Gorboki",0
"775",0,0.299740708349675,0,0,1,1,0,25,1,0,1,9,"Gorboki",0
"776",1,0.293169279278242,1,0,0,1,0,36,1,1,1,13,"Gorboki",0
"778",1,0.794918419993918,1,0,1,0,0,59,1,1,0,17,"Gorboki",0
"779",0,0,0,0,0,1,0,25,1,0,1,8,"Goroku",1
"780",0,0.592909987627917,1,0,1,1,0,19,1,1,1,8,"Gosimba",1
"781",1,0.794918419993918,1,0,1,0,1,38,1,0,1,11,"Goslayat",0
"782",0,0.498250859284323,1,1,0,1,0,18,1,0,1,7,"Goslayat",1
"783",0,1,1,1,1,0,0,50,1,0,0,8,"Gouba",0
"785",0,0.202008432366002,0,0,0,0,0,19,0,0,1,8,"Goz Bagar",0
"786",1,1,1,1,1,0,0,46,1,0,0,21,"Goz Bagar",0
"787",0,0,0,0,0,1,0,33,1,0,0,6,"Goz Bagar",1
"788",0,0,0,0,0,1,0,28,1,0,1,7,"Goz Beida",1
"789",0,0.495177711644244,1,0,0,0,0,40,1,0,0,4,"Goz Beida",1
"791",0,0,0,0,0,1,0,30,1,0,1,6,"Goz Deega",1
"792",0,0.202008432366002,0,0,0,0,0,35,1,0,0,7,"Goz Deega",1
"793",0,0.495177711644244,1,0,0,0,0,35,1,0,1,4,"Goz Deega",1
"795",1,0.202008432366002,0,0,0,0,0,33,1,0,0,4,"Goz Deega",1
"796",0,0,0,0,0,1,0,70,1,0,1,6,"Goz Deega",1
"797",0,0,0,0,0,1,0,35,1,0,0,7,"Goz Deega",1
"798",0,0.797991567633998,1,1,1,1,1,22,0,0,1,6,"Goz Gabor",1
"800",1,0.495177711644244,1,0,0,0,0,30,0,0,1,8,"Goz Mono",0
"801",1,0.592909987627917,1,0,1,1,1,45,1,1,0,12,"Goz Mono",0
"806",0,0,0,0,0,1,0,67,1,0,1,7,"Gttara",0
"809",1,0.592909987627917,1,0,1,1,0,22,1,0,0,18,"Gubbey",0
"810",1,0.293169279278242,1,0,0,1,0,56,1,0,1,12,"Gubbey",0
"814",0,0.202008432366002,0,0,0,0,0,23,0,0,1,5,"Habila",0
"816",1,0,0,0,0,1,1,24,1,0,1,1,"Habila",0
"817",1,1,1,1,1,0,1,38,1,0,0,7,"Habila",0
"821",0,0,0,0,0,1,0,35,1,0,1,6,"Habila",1
"823",0,0,0,0,0,1,0,27,1,0,1,4,"Habila",1
"825",0,1,1,1,1,0,0,47,0,0,0,9,"Habila",0
"828",0,0.202008432366002,0,0,0,0,1,18,0,0,1,8,"Habila",0
"829",1,0.202008432366002,0,0,0,0,1,45,1,0,0,15,"Habila",0
"830",1,1,1,1,1,0,1,36,1,0,1,4,"Habshaba",0
"832",0,0.501749140715677,0,0,1,0,1,31,0,0,0,5,"Hadjer Suleiman",0
"834",0,0.202008432366002,0,0,0,0,1,25,1,0,1,6,"Hadjer Suleiman",1
"836",1,0.202008432366002,0,0,0,0,0,26,1,0,1,10,"Hai Jadid",0
"838",0,0,0,0,0,1,0,25,1,0,1,8,"Hajar Kharkhita",0
"839",1,0.299740708349675,0,0,1,1,1,18,1,0,1,7,"Hajar Seleman",0
"840",1,1,1,1,1,0,0,33,1,0,0,11,"Hajar farkhabta",0
"841",1,0,0,0,0,1,1,24,1,0,1,5,"Hajilija",0
"842",0,0.293169279278242,1,0,0,1,1,35,1,0,0,9,"Haleila",1
"843",0,1,1,1,1,0,1,34,0,0,0,7,"Haleila",0
"847",0,0.495177711644244,1,0,0,0,1,35,1,0,1,6,"Hara",1
"849",0,0,0,0,0,1,1,45,1,0,1,6,"Harkow",1
"852",1,0.495177711644244,1,0,0,0,0,47,1,0,0,8,"Hashaba",0
"854",1,1,1,1,1,0,0,52,1,0,0,10,"Hashaba",0
"855",0,0,0,0,0,1,0,53,1,0,1,5,"Haskanita",0
"857",1,0.293169279278242,1,0,0,1,0,47,1,0,0,18,"Haskanita",0
"861",1,0.202008432366002,0,0,0,0,1,52,1,0,1,12,"Hee Al Gameena",0
"862",0,0,0,0,0,1,1,28,1,1,1,10,"Heemada",0
"864",0,0.202008432366002,0,0,0,0,0,26,1,0,0,4,"Hijileja",1
"866",0,0,0,0,0,1,0,30,1,0,0,11,"Hila Haraz",1
"867",0,1,1,1,1,0,0,49,1,0,0,9,"Hila Jadad",0
"869",1,0,0,0,0,1,0,28,1,0,0,8,"Hila Kaid",1
"870",0,0.202008432366002,0,0,0,0,1,29,1,1,1,4,"Hila Mara",1
"873",0,0.202008432366002,0,0,0,0,0,58,1,0,0,5,"Hila Zaghawa",0
"874",1,0,0,0,0,1,0,70,0,0,0,9,"Hila Zaghawa",0
"875",1,1,1,1,1,0,0,26,0,0,1,6,"Hila Zaghawa",0
"876",1,0,0,0,0,1,0,27,1,0,1,4,"Hila Zaghawa",0
"878",0,0,0,0,0,1,1,55,1,0,1,8,"Hila Zaghawa",0
"880",0,0,0,0,0,1,1,30,1,0,1,7,"Hila Zaghawa",1
"882",0,0,0,0,0,1,1,35,1,0,1,6,"Hila Zaghawa",0
"884",1,0,0,0,0,1,0,20,1,0,1,8,"Hila Zaghawa",0
"885",0,0.202008432366002,0,0,0,0,0,45,0,0,1,14,"Hilaila",0
"886",1,0.592909987627917,1,0,1,1,1,25,1,1,1,7,"Hilaila",0
"888",0,0.202008432366002,0,0,0,0,0,25,1,0,1,5,"Hilaila",1
"889",0,0,0,0,0,1,1,30,1,0,1,30,"Hilaila",1
"890",0,0,0,0,0,1,1,40,1,0,1,10,"Humeida",1
"891",0,0.797991567633998,1,1,1,1,0,24,1,0,1,3,"Hunu",1
"893",1,0.504822288355756,0,1,1,1,0,25,1,0,1,5,"Hyja Gergeta",0
"894",0,0.797991567633998,1,1,1,1,0,26,1,0,0,20,"Id Al Kheir",1
"897",0,0,0,0,0,1,1,18,1,0,1,10,"Jebel",1
"900",1,0.794918419993918,1,0,1,0,1,77,1,1,0,18,"Jadara",0
"903",1,0.495177711644244,1,0,0,0,0,52,1,0,1,11,"Jago",1
"904",0,0.293169279278242,1,0,0,1,0,37,0,0,1,9,"Jaker",1
"905",1,0,0,0,0,1,1,40,1,0,0,9,"Jala",0
"906",0,0,0,0,0,1,1,43,1,0,1,7,"Jamti",1
"907",0,0,0,0,0,1,0,22,1,0,1,5,"Janga",0
"909",0,0,0,0,0,1,0,42,1,0,1,5,"Janga",1
"912",0,0.205081580006082,0,1,0,1,0,35,0,0,0,5,"Jarko",0
"914",1,0.202008432366002,0,0,0,0,0,31,1,0,1,4,"Jebel",1
"915",0,0,0,0,0,1,0,28,1,1,1,4,"Jebel Amr",1
"916",0,0,0,0,0,1,0,40,1,1,1,11,"Jebel Jozo",0
"917",1,0.504822288355756,0,1,1,1,0,29,1,0,0,6,"Jebel Moon",1
"918",1,0,0,0,0,1,0,70,1,0,0,8,"Jebel Moon",1
"919",1,0,0,0,0,1,1,35,1,0,0,9,"Jebel Moon",1
"921",0,0,0,0,0,1,0,34,1,0,1,7,"Jebel Moon",1
"922",1,0.495177711644244,1,0,0,0,0,35,1,1,0,5,"Jebel Moon",0
"923",0,0,0,0,0,1,1,38,1,0,1,9,"Jebel Moon",1
"924",1,1,1,1,1,0,1,22,1,0,0,9,"Jebel Moon",0
"925",1,0,0,0,0,1,0,40,1,0,0,15,"Jebel Moon",0
"926",1,0,0,0,0,1,0,52,1,0,1,16,"Jebel Moon",0
"928",1,0.495177711644244,1,0,0,0,0,50,1,0,0,13,"Jebel Moon",0
"931",1,0.794918419993918,1,0,1,0,1,62,1,1,1,14,"Jeerjeera",0
"933",0,0,0,0,0,1,1,32,1,0,1,15,"Jebel Moon",1
"934",1,0.794918419993918,1,0,1,0,0,20,1,0,1,8,"Jendaly",1
"935",0,0,0,0,0,1,1,45,1,0,0,24,"Jebel Moon",1
"936",0,0,0,0,0,1,0,86,1,0,0,10,"Jereko",0
"937",0,0,0,0,0,1,0,60,1,0,1,4,"Jereko",1
"939",1,0.202008432366002,0,0,0,0,0,33,1,0,1,5,"Jimi",1
"940",0,0,0,0,0,1,0,19,1,0,1,1,"Jimi",1
"941",0,0.202008432366002,0,0,0,0,0,45,1,0,0,4,"Jimi",1
"942",1,0.592909987627917,1,0,1,1,1,73,1,0,0,16,"Jirjira",0
"943",0,0,0,0,0,1,0,54,1,0,1,7,"Jirjira",1
"944",1,0.797991567633998,1,1,1,1,0,29,1,0,0,4,"Jo Yat",0
"948",0,0,0,0,0,1,1,28,1,0,1,11,"Jorbi",1
"949",1,0.797991567633998,1,1,1,1,0,35,1,0,0,7,"Jorbogy",0
"950",1,0.299740708349675,0,0,1,1,0,41,0,0,1,9,"Jorbogy",0
"951",0,0.797991567633998,1,1,1,1,0,63,1,0,1,20,"Jorbogy",0
"953",0,0.495177711644244,1,0,0,0,0,18,1,0,1,2,"Joyo",1
"954",0,0,0,0,0,1,1,45,1,0,1,12,"Jozdo",1
"955",0,0,0,0,0,1,0,27,1,0,1,7,"Jumaira",1
"957",0,0.592909987627917,1,0,1,1,0,61,1,1,1,9,"Jurjura",1
"958",0,0.202008432366002,0,0,0,0,0,27,1,0,1,9,"Kabar",1
"959",0,0,0,0,0,1,0,50,0,0,0,10,"Kabar",0
"960",0,0,0,0,0,1,0,27,1,0,0,9,"Kabar",1
"961",0,0,0,0,0,1,1,60,1,0,0,12,"Kabar",1
"962",1,0.495177711644244,1,0,0,0,0,30,1,0,0,17,"Kabar",0
"964",1,0,0,0,0,1,0,46,1,0,0,12,"Kabar",1
"965",0,0,0,0,0,1,1,60,1,0,0,2,"Kabar",0
"966",1,0.794918419993918,1,0,1,0,0,32,0,0,1,15,"Kabar",0
"967",0,0,0,0,0,1,1,18,0,0,1,9,"Kabar",1
"969",0,0.202008432366002,0,0,0,0,1,32,1,0,0,3,"Kabar",0
"970",0,0.202008432366002,0,0,0,0,0,50,1,0,1,10,"Kabar",1
"971",1,0,0,0,0,1,0,58,1,0,1,10,"Kabar",0
"973",0,0,0,0,0,1,0,85,1,0,1,7,"Kabar",1
"974",0,0.202008432366002,0,0,0,0,1,20,1,0,1,18,"Kabar",1
"975",1,0,0,0,0,1,1,50,1,0,1,6,"Kabar",1
"976",1,0.794918419993918,1,0,1,0,1,27,0,0,1,9,"Kabar",0
"977",1,0,0,0,0,1,0,35,1,0,0,9,"Kabar",1
"978",0,0,0,0,0,1,0,25,1,0,1,6,"Kabar",1
"980",0,0,0,0,0,1,0,21,0,0,0,8,"Kabar",1
"981",0,0,0,0,0,1,1,35,1,0,1,8,"Kabar",1
"982",0,0.293169279278242,1,0,0,1,0,18,1,0,1,10,"Kabar",0
"983",0,0,0,0,0,1,1,46,1,0,1,7,"Kabar",0
"984",1,0,0,0,0,1,0,65,1,0,1,7,"Kabar",0
"988",1,0.202008432366002,0,0,0,0,0,69,1,0,0,11,"Kabar",0
"990",0,0,0,0,0,1,1,60,1,0,0,11,"Kabar",0
"991",1,0.202008432366002,0,0,0,0,0,20,0,0,1,10,"Kabar",0
"992",1,1,1,1,1,0,1,42,1,0,0,21,"Kabar",0
"994",1,0,0,0,0,1,1,32,1,0,1,1,"Kabar",0
"996",1,0.202008432366002,0,0,0,0,1,66,1,1,1,5,"Kabar",0
"997",0,0.202008432366002,0,0,0,0,0,24,1,0,1,8,"Kabar",1
"998",0,0.299740708349675,0,0,1,1,0,23,1,0,1,3,"Kabar",1
"1000",0,0.495177711644244,1,0,0,0,1,30,1,0,1,5,"Kabar",1
"1001",1,0,0,0,0,1,0,47,1,0,1,7,"Kabar",1
"1002",0,0.495177711644244,1,0,0,0,1,24,1,0,1,8,"Kabar",1
"1005",0,1,1,1,1,0,1,27,1,0,1,5,"Kabar",1
"1006",1,0.794918419993918,1,0,1,0,0,35,1,0,1,6,"Kaberka",1
"1011",1,0,0,0,0,1,0,67,1,0,1,18,"Kabkabia",0
"1013",1,0.592909987627917,1,0,1,1,1,41,1,1,1,7,"Kabkabia",0
"1014",0,0.202008432366002,0,0,0,0,1,30,1,0,1,20,"Kabkabia",1
"1015",1,0.293169279278242,1,0,0,1,1,40,1,0,1,7,"Kabkabia",0
"1018",0,0.592909987627917,1,0,1,1,0,26,1,0,1,12,"Kabkabia",1
"1020",0,0.205081580006082,0,1,0,1,1,43,1,0,0,11,"Kabkabia",0
"1021",0,0,0,0,0,1,0,35,1,0,0,11,"Kabkabia",1
"1022",0,1,1,1,1,0,0,37,1,0,1,6,"Kabkabia",0
"1025",0,0.504822288355756,0,1,1,1,0,45,0,0,0,10,"Kabugo",0
"1027",0,0.202008432366002,0,0,0,0,0,45,1,0,1,7,"Kadia",1
"1028",0,0,0,0,0,1,1,37,1,0,0,5,"Kadomi",1
"1029",1,0.299740708349675,0,0,1,1,1,30,1,0,1,27,"Kadora",0
"1031",1,0.293169279278242,1,0,0,1,1,30,1,0,1,8,"Kagio",0
"1032",0,0.202008432366002,0,0,0,0,1,45,1,1,0,7,"Kagu",1
"1033",1,0.797991567633998,1,1,1,1,0,36,1,0,1,14,"Kagy Mangy",0
"1035",1,0,0,0,0,1,1,48,1,0,0,11,"Kair",0
"1036",1,0,0,0,0,1,0,75,1,0,0,8,"Kajra",0
"1037",0,0.495177711644244,1,0,0,0,0,21,0,0,1,6,"Kajabara",0
"1038",1,0.293169279278242,1,0,0,1,0,30,1,1,1,8,"Kajawa",0
"1039",0,0.202008432366002,0,0,0,0,0,40,1,0,0,7,"Kahra",1
"1041",1,0.202008432366002,0,0,0,0,0,45,1,0,0,9,"Kalkig",1
"1042",1,0.592909987627917,1,0,1,1,1,37,1,1,1,8,"Kaltouma",0
"1043",0,0.797991567633998,1,1,1,1,1,35,0,0,1,4,"Kamo",0
"1047",0,0.592909987627917,1,0,1,1,1,36,0,1,1,16,"Kamo",0
"1049",0,0.299740708349675,0,0,1,1,0,80,1,0,1,4,"Kanda indina",1
"1050",0,0,0,0,0,1,1,32,1,0,1,14,"Kandaly",1
"1051",0,0,0,0,0,1,1,45,0,0,0,7,"Kandaro",0
"1052",1,0,0,0,0,1,1,30,1,1,1,9,"Kaneya",1
"1053",0,0,0,0,0,1,0,20,1,0,1,8,"Kongo",1
"1056",0,0.797991567633998,1,1,1,1,1,30,1,0,0,5,"Kongo Hazara",0
"1057",0,0,0,0,0,1,0,35,1,0,0,9,"Kanour",1
"1059",0,0.202008432366002,0,0,0,0,1,28,1,0,1,7,"Kapar",1
"1060",1,0,0,0,0,1,0,20,1,0,0,1,"Kar Simba",0
"1061",1,0.293169279278242,1,0,0,1,1,35,1,0,1,7,"Karbanga",0
"1062",0,0,0,0,0,1,0,45,1,1,1,7,"Karbanga",1
"1063",1,1,1,1,1,0,1,38,1,1,0,5,"Kareye",0
"1064",1,1,1,1,1,0,1,40,1,0,1,12,"Kareye",0
"1065",0,0,0,0,0,1,0,55,1,0,1,8,"Karia",1
"1066",0,0,0,0,0,1,1,64,1,0,1,11,"Karia",0
"1071",1,0.501749140715677,0,0,1,0,0,55,0,0,0,14,"Karja",0
"1072",0,1,1,1,1,0,0,73,1,0,1,10,"Karja",0
"1073",1,0.293169279278242,1,0,0,1,1,33,1,0,1,4,"Karja",0
"1076",0,0.202008432366002,0,0,0,0,0,24,1,1,0,7,"Karnita",1
"1078",1,0.592909987627917,1,0,1,1,0,59,0,0,1,8,"Karnuwa",0
"1082",0,1,1,1,1,0,0,27,1,0,1,8,"Kary",0
"1086",0,0.202008432366002,0,0,0,0,0,20,1,0,1,9,"Kashkash",0
"1087",0,0.202008432366002,0,0,0,0,0,37,1,0,1,2,"Kasia",0
"1089",1,1,1,1,1,0,1,41,0,0,0,8,"Kasia",0
"1091",0,1,1,1,1,0,0,28,1,1,1,3,"Kasia",0
"1092",0,0.202008432366002,0,0,0,0,0,38,1,1,0,3,"Kasia",1
"1095",0,1,1,1,1,0,1,27,1,1,1,6,"Kati",1
"1097",1,0.202008432366002,0,0,0,0,1,40,1,1,0,7,"Kawayna",1
"1098",1,0.706830720721758,0,1,1,0,0,26,0,0,0,7,"Kaya",0
"1099",1,0.202008432366002,0,0,0,0,0,65,1,0,1,20,"Kaya",0
"1101",0,0,0,0,0,1,0,35,1,1,1,4,"Kayo",1
"1102",1,0.592909987627917,1,0,1,1,0,40,1,0,1,6,"Kdumli",0
"1103",1,0,0,0,0,1,0,20,1,0,1,1,"Keajo",0
"1104",0,0.293169279278242,1,0,0,1,0,35,1,0,0,8,"Keajo",1
"1105",1,0.794918419993918,1,0,1,0,0,27,1,1,0,6,"Keiga",0
"1106",0,0,0,0,0,1,0,35,0,0,0,4,"Keiga",1
"1108",0,0,0,0,0,1,1,57,1,0,0,12,"Kengu",1
"1110",1,0,0,0,0,1,0,31,0,0,1,7,"Kesi",0
"1112",0,0.293169279278242,1,0,0,1,1,40,1,0,1,16,"Khabeesh",0
"1113",1,0.495177711644244,1,0,0,0,0,43,1,0,1,11,"Khabeesh",0
"1115",0,0.299740708349675,0,0,1,1,0,30,1,1,1,4,"Khabir Waja",1
"1117",1,0,0,0,0,1,1,35,1,0,0,9,"Kharsha",0
"1118",0,0,0,0,0,1,0,23,1,0,0,10,"Khary",0
"1121",0,0,0,0,0,1,0,20,1,1,1,7,"Khazan Abu Jidad",0
"1122",1,0.592909987627917,1,0,1,1,0,50,1,0,1,10,"Khazan Abu Jidad",0
"1123",0,0.504822288355756,0,1,1,1,0,51,1,0,1,13,"Khazan Abu Jidad",0
"1124",0,0.202008432366002,0,0,0,0,1,75,0,0,1,6,"Khazan Urshe",1
"1126",0,0,0,0,0,1,0,51,1,0,1,8,"Khabeesh",0
"1127",1,0.293169279278242,1,0,0,1,0,19,0,0,1,7,"Khibish",0
"1128",0,0,0,0,0,1,1,46,1,1,0,10,"Khosa",1
"1130",0,0,0,0,0,1,0,20,0,0,1,10,"Khurbaranga",1
"1131",1,0,0,0,0,1,0,35,1,1,1,6,"Khurbaranga",1
"1132",0,0.592909987627917,1,0,1,1,1,33,0,0,1,3,"Khurbaranga",0
"1133",0,0.794918419993918,1,0,1,0,1,22,1,1,1,4,"Khurbaranga",1
"1134",1,0.501749140715677,0,0,1,0,0,45,0,0,1,9,"Kibiry",0
"1135",0,0,0,0,0,1,1,25,1,0,1,3,"Kibjo",1
"1137",0,0,0,0,0,1,1,50,1,0,0,12,"Kiego",1
"1139",0,0.592909987627917,1,0,1,1,0,25,1,0,1,10,"Kigulu",0
"1140",0,0,0,0,0,1,0,31,1,0,0,7,"Kigy",1
"1141",0,1,1,1,1,0,0,26,0,0,1,5,"Kinding",1
"1142",1,0,0,0,0,1,0,36,1,0,1,5,"Kongo",0
"1144",1,0,0,0,0,1,0,29,1,0,1,3,"Kirti",0
"1146",1,0.202008432366002,0,0,0,0,0,73,1,0,1,5,"Kobar",0
"1147",1,0.797991567633998,1,1,1,1,1,35,1,0,0,4,"Kobar",0
"1148",0,0.202008432366002,0,0,0,0,1,26,1,0,1,8,"Kobsaka",1
"1149",1,0.794918419993918,1,0,1,0,0,23,1,0,1,4,"Kobsaka",0
"1151",0,0,0,0,0,1,0,27,1,0,0,2,"Kodima",0
"1153",0,0.592909987627917,1,0,1,1,1,24,1,0,1,18,"Kutum",1
"1154",0,0,0,0,0,1,0,26,1,0,0,5,"Kutum",1
"1156",0,1,1,1,1,0,0,20,0,0,1,20,"Kogi",0
"1157",1,0,0,0,0,1,0,29,1,0,1,4,"Kogi",1
"1160",0,0.592909987627917,1,0,1,1,1,46,1,0,0,5,"Kojong Kasia",0
"1165",0,0,0,0,0,1,0,42,1,0,1,11,"Kokona",1
"1166",1,0.592909987627917,1,0,1,1,1,47,0,0,1,13,"Kokona",0
"1169",1,0,0,0,0,1,0,18,1,0,1,7,"Kondobe",0
"1172",0,0,0,0,0,1,0,70,1,0,1,13,"Kongo",1
"1173",0,0.293169279278242,1,0,0,1,0,19,1,0,1,6,"Kongo",0
"1174",0,0.202008432366002,0,0,0,0,0,25,1,0,1,6,"Kongo",1
"1175",0,0,0,0,0,1,1,27,1,0,1,4,"Kongo",1
"1179",0,0.293169279278242,1,0,0,1,1,60,1,1,1,5,"Kongo",1
"1181",0,0,0,0,0,1,1,19,0,0,1,8,"Kongo",0
"1182",1,0,0,0,0,1,0,26,0,0,1,8,"Kongo",0
"1184",1,0,0,0,0,1,1,50,1,0,0,13,"Kongo",0
"1185",1,0.794918419993918,1,0,1,0,1,31,0,0,0,3,"Kongo",0
"1196",1,0,0,0,0,1,1,21,0,0,1,19,"Kongo",0
"1197",1,0,0,0,0,1,1,22,1,0,1,9,"Kongo",0
"1198",0,0,0,0,0,1,0,20,1,0,1,7,"Kongo",1
"1200",0,0.293169279278242,1,0,0,1,0,19,0,0,1,7,"Kongo",1
"1201",1,0.202008432366002,0,0,0,0,1,35,1,0,1,8,"Kongo",1
"1202",1,0.202008432366002,0,0,0,0,0,35,1,0,1,5,"Kongo",0
"1203",1,0.592909987627917,1,0,1,1,0,40,1,0,1,11,"Kooba",0
"1207",0,0,0,0,0,1,0,26,1,0,1,3,"Korika",1
"1209",0,1,1,1,1,0,0,21,1,0,1,7,"Kormi",0
"1214",0,0.205081580006082,0,1,0,1,0,20,0,0,1,6,"Kornoy",1
"1215",0,0.202008432366002,0,0,0,0,0,65,1,0,0,16,"Kornoy",0
"1216",0,0.797991567633998,1,1,1,1,1,38,0,0,1,22,"Kornoy",1
"1218",0,0.592909987627917,1,0,1,1,0,28,1,1,0,4,"Kornoy",1
"1219",1,1,1,1,1,0,1,39,1,0,1,2,"Kornoy",0
"1222",0,0.202008432366002,0,0,0,0,0,20,1,0,1,12,"Kornoy",0
"1224",0,0,0,0,0,1,1,30,1,0,1,4,"Kornoy",1
"1226",1,0,0,0,0,1,0,40,1,0,1,9,"Kornoy",1
"1227",0,0,0,0,0,1,1,30,1,1,1,4,"Kornoy",1
"1228",0,0.797991567633998,1,1,1,1,0,18,0,0,1,8,"Kornoy",1
"1232",0,0,0,0,0,1,0,37,1,1,1,9,"Kornoy",0
"1233",1,0.501749140715677,0,0,1,0,0,27,0,0,1,5,"Kornoy",0
"1234",1,0.797991567633998,1,1,1,1,0,39,1,0,1,27,"Kornoy",0
"1235",0,1,1,1,1,0,0,39,1,0,1,17,"Kornoy",0
"1236",0,0.592909987627917,1,0,1,1,0,20,0,0,1,10,"Kornoy",1
"1237",1,1,1,1,1,0,1,46,1,1,1,5,"Kornoy",0
"1238",1,0.794918419993918,1,0,1,0,1,35,1,1,0,7,"Kornoy",0
"1239",1,0.794918419993918,1,0,1,0,1,37,1,0,0,5,"Kornoy",0
"1240",0,0.202008432366002,0,0,0,0,0,27,1,0,1,6,"Kornoy",1
"1243",0,0.202008432366002,0,0,0,0,0,41,0,0,0,4,"Kornoy",0
"1244",1,0.797991567633998,1,1,1,1,0,39,1,0,1,16,"Kornoy",0
"1246",0,0.592909987627917,1,0,1,1,0,28,0,0,1,13,"Kornoy",1
"1247",1,0.794918419993918,1,0,1,0,1,42,1,0,1,4,"Kornoy",0
"1248",0,0.592909987627917,1,0,1,1,0,45,1,0,0,10,"Kornoy",1
"1249",1,0.706830720721758,0,1,1,0,0,52,0,0,0,13,"Kornoy",0
"1250",1,0.797991567633998,1,1,1,1,1,46,1,0,0,7,"Kornoy",0
"1252",0,0.299740708349675,0,0,1,1,0,29,1,0,1,10,"Kornoy",0
"1253",1,1,1,1,1,0,0,55,1,0,1,13,"Kornoy",0
"1254",0,0,0,0,0,1,0,55,1,0,1,11,"Kornoy",0
"1256",0,0,0,0,0,1,1,43,0,0,0,12,"Kornoy",0
"1258",1,0.794918419993918,1,0,1,0,1,50,1,0,0,11,"Kornoy",0
"1260",0,0.592909987627917,1,0,1,1,0,28,0,0,0,8,"Kornoy",1
"1262",1,0.504822288355756,0,1,1,1,1,30,1,1,0,5,"Kornoy",0
"1263",1,0.202008432366002,0,0,0,0,1,30,0,0,0,4,"Kornoy",0
"1264",0,0,0,0,0,1,0,40,1,0,0,7,"Kornoy",1
"1265",0,0.794918419993918,1,0,1,0,1,25,0,0,1,6,"Kornoy",1
"1266",0,0.797991567633998,1,1,1,1,0,22,0,0,1,12,"Kornoy",1
"1268",1,1,1,1,1,0,1,43,1,0,1,10,"Kornoy",0
"1269",0,0,0,0,0,1,0,28,1,1,0,4,"Kornoy",1
"1270",1,0.293169279278242,1,0,0,1,1,36,0,0,0,4,"Kornoy",0
"1271",0,0.592909987627917,1,0,1,1,0,27,1,0,1,7,"Kornoy",1
"1273",1,0.794918419993918,1,0,1,0,0,34,0,0,0,7,"Kornoy",0
"1276",1,1,1,1,1,0,0,36,1,1,0,20,"Kornoy",0
"1278",1,0.794918419993918,1,0,1,0,1,58,1,1,0,18,"Kornoy",0
"1279",1,0,0,0,0,1,0,39,0,0,0,9,"Kornoy",0
"1281",1,0.592909987627917,1,0,1,1,0,65,1,1,0,14,"Kornoy",0
"1283",0,0,0,0,0,1,0,32,1,0,1,5,"Kornoy",1
"1284",0,0,0,0,0,1,0,50,1,0,0,9,"Kornoy",1
"1287",0,0,0,0,0,1,0,28,0,0,1,4,"Kornoy",1
"1288",0,0,0,0,0,1,1,20,0,0,1,14,"Kornoy",1
"1289",0,0,0,0,0,1,1,30,1,0,1,12,"Kornoy",1
"1290",0,0.797991567633998,1,1,1,1,0,63,0,0,0,22,"Kornoy",0
"1291",0,0,0,0,0,1,1,45,1,0,0,6,"Kornoy",1
"1292",0,0,0,0,0,1,0,40,1,1,0,7,"Kornoy",1
"1293",1,0.794918419993918,1,0,1,0,0,67,0,0,0,17,"Kornoy",0
"1294",1,0.202008432366002,0,0,0,0,1,43,1,0,0,9,"Kornoy",0
"1296",0,0,0,0,0,1,0,55,1,1,0,9,"Kornoy",1
"1297",1,0.501749140715677,0,0,1,0,0,34,0,0,1,20,"Kornoy",0
"1298",0,0.293169279278242,1,0,0,1,0,33,1,0,1,7,"Kornoy",1
"1300",0,0.293169279278242,1,0,0,1,1,30,0,0,1,4,"Kornoy",0
"1301",1,0.592909987627917,1,0,1,1,0,22,1,0,1,5,"Kornoy",0
"1302",1,0,0,0,0,1,0,60,1,0,0,15,"Kornoy",0
"1306",0,0.592909987627917,1,0,1,1,1,80,1,1,1,8,"Kornoy",0
"1308",0,0.202008432366002,0,0,0,0,0,32,0,0,0,11,"Kornoy",1
"1309",0,0.592909987627917,1,0,1,1,1,28,0,0,1,7,"Kornoy",1
"1310",1,0.794918419993918,1,0,1,0,1,55,1,0,1,9,"Kornoy",0
"1312",1,0.794918419993918,1,0,1,0,1,48,1,0,1,6,"Kornoy",0
"1313",0,0,0,0,0,1,0,83,1,0,0,6,"Kornoy",1
"1314",1,0.202008432366002,0,0,0,0,1,36,1,0,1,4,"Kornoy",0
"1315",0,0,0,0,0,1,0,43,1,0,1,3,"Kornoy",1
"1316",0,0.202008432366002,0,0,0,0,0,26,1,1,1,4,"Kornoy",1
"1318",0,0.797991567633998,1,1,1,1,1,48,0,1,1,12,"Kornoy",0
"1319",0,0,0,0,0,1,0,46,1,0,1,11,"Kornoy",1
"1325",1,0.797991567633998,1,1,1,1,1,30,1,0,0,10,"Kornoy",1
"1326",0,0.794918419993918,1,0,1,0,0,23,1,0,1,7,"Kornoy",1
"1329",1,0.407090012372083,0,1,0,0,0,25,1,0,0,3,"Kornoy",1
"1330",1,1,1,1,1,0,1,19,1,0,1,11,"Kornoy",0
"1331",1,1,1,1,1,0,1,40,0,0,0,18,"Kornoy",0
"1332",0,0,0,0,0,1,0,40,1,0,0,8,"Kornoy",1
"1333",0,0.202008432366002,0,0,0,0,0,35,1,0,0,7,"Kornoy",1
"1334",0,0,0,0,0,1,0,30,1,0,1,9,"Kornoy",1
"1336",1,0.504822288355756,0,1,1,1,1,55,1,0,0,17,"Kornoy",0
"1338",1,0.794918419993918,1,0,1,0,0,35,1,1,0,4,"Kornoy",0
"1339",0,0.504822288355756,0,1,1,1,0,60,1,0,0,8,"Kornoy",1
"1340",0,0,0,0,0,1,0,35,1,1,1,3,"Kornoy",1
"1342",1,1,1,1,1,0,1,53,0,0,1,6,"Kornoy",0
"1343",0,0.202008432366002,0,0,0,0,0,78,1,1,0,2,"Kornoy",0
"1346",0,0.592909987627917,1,0,1,1,0,18,0,0,0,10,"Kornoy",1
"1348",1,0.797991567633998,1,1,1,1,0,61,0,0,0,23,"Kornoy",0
"1349",0,0.794918419993918,1,0,1,0,0,26,1,0,1,10,"Kornoy",1
"1351",0,0.794918419993918,1,0,1,0,0,40,1,1,0,9,"Kornoy",0
"1352",1,0.202008432366002,0,0,0,0,0,25,1,0,0,5,"Koro",1
"1353",0,0.202008432366002,0,0,0,0,0,42,1,0,0,9,"Kotoya",0
"1354",0,0.293169279278242,1,0,0,1,0,36,1,0,1,5,"Kougounagour",0
"1355",0,0.202008432366002,0,0,0,0,0,20,0,0,1,6,"Kourja",0
"1356",0,0,0,0,0,1,0,30,1,0,1,19,"Kowaya",1
"1358",0,0,0,0,0,1,1,27,1,1,0,11,"Kubrey Joumta",1
"1360",1,1,1,1,1,0,0,49,1,0,1,7,"Kulbus",0
"1361",0,0.495177711644244,1,0,0,0,0,27,1,0,0,16,"Kulbus",1
"1364",1,0.700259291650325,1,1,0,0,1,52,1,1,1,10,"Kutum",0
"1365",1,0,0,0,0,1,0,35,1,0,1,7,"Kutum",0
"1371",0,0,0,0,0,1,0,50,1,0,1,10,"Kutum",0
"1372",0,0.797991567633998,1,1,1,1,0,45,1,0,0,9,"Kuwayna",0
"1374",0,0,0,0,0,1,1,25,1,0,1,12,"Kuwayna",1
"1375",0,0.293169279278242,1,0,0,1,0,47,1,0,1,8,"Lamboot",1
"1376",1,1,1,1,1,0,1,26,0,0,1,2,"Leebanda",0
"1377",0,0,0,0,0,1,0,45,1,0,1,7,"Lesh Baha",1
"1379",0,0,0,0,0,1,1,23,1,0,1,20,"Liya",0
"1380",0,0.794918419993918,1,0,1,0,0,73,1,1,0,18,"Loba",0
"1381",0,0.592909987627917,1,0,1,1,0,23,0,1,1,9,"Loba",0
"1382",1,0.592909987627917,1,0,1,1,0,47,1,0,1,11,"Loombon",0
"1383",1,0.794918419993918,1,0,1,0,1,49,1,0,0,9,"Luka",0
"1385",1,0.794918419993918,1,0,1,0,1,29,1,0,1,3,"Luka",0
"1386",1,0.794918419993918,1,0,1,0,1,58,1,0,1,7,"Luka",0
"1388",0,1,1,1,1,0,0,45,1,0,0,6,"Luka",0
"1390",1,0.794918419993918,1,0,1,0,1,26,1,0,1,6,"Luka",0
"1391",1,0.592909987627917,1,0,1,1,1,68,1,1,1,14,"Luka",0
"1392",0,0.293169279278242,1,0,0,1,0,30,1,0,1,8,"Loombon",0
"1393",0,0.592909987627917,1,0,1,1,1,26,0,0,0,6,"MANGO-BRAD",0
"1394",0,0.794918419993918,1,0,1,0,0,36,0,0,1,5,"Mabganou",0
"1395",0,0,0,0,0,1,0,32,1,1,0,8,"Mabjer",0
"1397",1,0.293169279278242,1,0,0,1,1,18,1,0,1,6,"Mabrouka",0
"1403",0,0,0,0,0,1,1,33,1,0,0,6,"Magarsa",1
"1407",1,0.202008432366002,0,0,0,0,0,38,0,0,0,6,"Magarsa",0
"1408",0,0,0,0,0,1,1,82,1,0,0,2,"Magarsa",0
"1411",0,0,0,0,0,1,1,20,1,0,1,4,"Magarsa",1
"1412",1,1,1,1,1,0,0,35,1,0,1,10,"Magarsa",0
"1414",1,0.293169279278242,1,0,0,1,0,22,1,0,0,8,"Magarsa",0
"1415",1,0,0,0,0,1,1,25,1,1,0,8,"Magarsa",1
"1416",0,0,0,0,0,1,1,26,1,0,1,15,"Magna",1
"1417",0,0,0,0,0,1,0,35,1,0,1,7,"Mago",1
"1418",0,0,0,0,0,1,0,45,1,0,1,12,"Magrani",1
"1419",1,1,1,1,1,0,0,28,1,0,1,7,"Mahajiria",1
"1420",0,0,0,0,0,1,1,35,1,0,1,8,"Majar Kabdi",1
"1422",0,0.202008432366002,0,0,0,0,0,20,0,0,1,7,"Majmaje",1
"1423",0,0,0,0,0,1,0,40,1,0,1,7,"Makada",1
"1424",1,0,0,0,0,1,0,47,1,0,0,8,"Makhn",0
"1429",1,0.202008432366002,0,0,0,0,0,54,1,0,0,10,"Mangarsa",0
"1430",1,0,0,0,0,1,0,33,1,0,1,3,"Mangarsa",0
"1431",1,1,1,1,1,0,1,40,1,0,1,4,"Mangarsa",0
"1432",1,0.794918419993918,1,0,1,0,0,37,1,0,1,11,"Mangarsa",0
"1433",0,0,0,0,0,1,0,40,1,0,0,6,"Mangora",1
"1434",1,0,0,0,0,1,0,38,1,0,0,6,"Mangora",0
"1436",1,0.202008432366002,0,0,0,0,0,64,1,0,0,7,"Mangora",0
"1437",0,0,0,0,0,1,1,18,0,0,1,10,"Mangora",1
"1439",0,0.592909987627917,1,0,1,1,0,34,1,0,0,4,"Mangora",1
"1440",0,0.592909987627917,1,0,1,1,0,30,1,0,1,5,"Mangora",1
"1443",0,0.293169279278242,1,0,0,1,1,73,0,1,1,11,"Mangora",0
"1444",0,0,0,0,0,1,0,35,1,0,0,8,"Mangora",1
"1445",0,0.794918419993918,1,0,1,0,1,40,1,0,1,7,"Mangora",0
"1449",0,0.293169279278242,1,0,0,1,0,27,1,0,1,14,"Mangora",1
"1450",1,0.797991567633998,1,1,1,1,1,42,1,1,1,6,"Mangora",1
"1451",0,0,0,0,0,1,0,25,1,0,1,4,"Mangora",1
"1454",1,0.794918419993918,1,0,1,0,0,27,0,0,1,10,"Mangora",0
"1455",1,0.495177711644244,1,0,0,0,0,47,1,0,1,12,"Mangora",0
"1457",0,0,0,0,0,1,0,25,1,0,1,7,"Mangora",1
"1459",1,1,1,1,1,0,0,28,1,0,0,10,"Mangora",0
"1460",0,0,0,0,0,1,0,40,1,0,1,9,"Mangora",1
"1461",1,0,0,0,0,1,0,61,1,0,0,18,"Mangora",0
"1462",1,0.202008432366002,0,0,0,0,0,31,1,0,0,8,"Mangora",0
"1463",0,0,0,0,0,1,0,40,1,0,0,7,"Mangora",0
"1464",0,0,0,0,0,1,1,25,1,0,0,15,"Mangora",1
"1466",0,0.293169279278242,1,0,0,1,0,18,0,0,1,11,"Mangora",1
"1468",0,0.202008432366002,0,0,0,0,1,73,1,0,1,4,"Mangora",1
"1469",0,0,0,0,0,1,0,25,1,0,0,7,"Mangroa",1
"1470",0,0,0,0,0,1,1,37,1,0,1,30,"Manjar",1
"1471",1,0.205081580006082,0,1,0,1,0,37,0,0,0,5,"Mardaf",0
"1475",1,0,0,0,0,1,0,30,1,0,1,4,"Marmata",0
"1476",0,0.202008432366002,0,0,0,0,1,25,0,0,1,3,"Marmro",1
"1479",0,0,0,0,0,1,1,22,0,0,1,9,"Matereh",0
"1480",0,0,0,0,0,1,1,28,1,0,1,7,"Matjar",1
"1481",0,0,0,0,0,1,1,35,1,0,1,2,"Madeina",1
"1483",1,0.205081580006082,0,1,0,1,0,20,1,0,1,7,"Mieramta",1
"1484",1,0.797991567633998,1,1,1,1,1,46,1,0,1,13,"Miary",1
"1486",1,0.202008432366002,0,0,0,0,0,36,1,0,1,5,"Miermier",0
"1487",1,0.202008432366002,0,0,0,0,1,51,1,0,1,15,"Mila",0
"1488",1,0.293169279278242,1,0,0,1,0,26,1,1,0,10,"Mieramta",0
"1489",1,1,1,1,1,0,0,40,1,0,0,8,"Mirna",0
"1491",0,0,0,0,0,1,0,22,1,0,1,5,"Misky",1
"1492",1,0.202008432366002,0,0,0,0,0,30,0,0,0,7,"Misteri",1
"1494",1,0.202008432366002,0,0,0,0,1,39,1,0,1,6,"Misteri",0
"1498",1,0.202008432366002,0,0,0,0,0,46,1,0,1,5,"Misteri",0
"1499",0,0,0,0,0,1,0,45,1,0,0,4,"Misteri",1
"1500",1,0,0,0,0,1,0,27,0,0,1,5,"Misteri",0
"1501",1,0,0,0,0,1,0,20,1,0,1,14,"Misteri",1
"1502",1,0.202008432366002,0,0,0,0,0,70,1,0,0,14,"Misteri",0
"1506",1,0.794918419993918,1,0,1,0,1,48,1,0,0,9,"Misteri",0
"1507",1,0.495177711644244,1,0,0,0,0,40,1,0,1,3,"Misteri",0
"1508",1,0.202008432366002,0,0,0,0,0,34,1,0,0,4,"Misteri",0
"1510",1,0.794918419993918,1,0,1,0,1,18,0,0,1,6,"Misteri",0
"1512",0,0.293169279278242,1,0,0,1,1,45,1,0,1,13,"Misteri",0
"1513",0,0,0,0,0,1,0,65,1,1,1,5,"Misteri",1
"1514",1,0,0,0,0,1,0,36,1,0,1,6,"Misteri",0
"1515",0,0.299740708349675,0,0,1,1,0,23,1,0,1,7,"Misteri",0
"1517",1,0,0,0,0,1,0,21,1,0,1,6,"Misteri",1
"1520",0,0,0,0,0,1,0,19,1,0,1,9,"Misteri",1
"1521",1,0.293169279278242,1,0,0,1,1,31,1,0,1,3,"Misteri",0
"1522",1,0.202008432366002,0,0,0,0,1,40,1,0,0,6,"Misteri",0
"1524",0,0.407090012372083,0,1,0,0,0,35,1,0,0,9,"Misteri",1
"1525",1,1,1,1,1,0,0,40,1,0,1,3,"Misteri",0
"1527",0,0,0,0,0,1,0,22,1,0,0,8,"Misteri",1
"1528",1,0.202008432366002,0,0,0,0,0,32,1,0,0,5,"Misteri",1
"1532",1,0.495177711644244,1,0,0,0,0,55,1,0,0,7,"Misteri",0
"1534",0,0,0,0,0,1,1,27,1,0,1,8,"Misteri",0
"1535",0,0,0,0,0,1,0,20,1,0,1,7,"Misteri",1
"1537",1,0.202008432366002,0,0,0,0,1,24,1,0,1,6,"Misteri",0
"1538",0,1,1,1,1,0,1,20,1,0,1,8,"Misteri",1
"1539",1,0,0,0,0,1,0,20,1,1,0,4,"Misteri",1
"1543",0,0.797991567633998,1,1,1,1,1,24,1,0,1,8,"Misteri",1
"1544",0,0.495177711644244,1,0,0,0,0,28,1,0,1,9,"Misteri",0
"1545",1,0.495177711644244,1,0,0,0,0,25,1,0,1,12,"Misteri",0
"1546",0,0,0,0,0,1,1,22,0,0,1,8,"Misteri",1
"1548",1,0.504822288355756,0,1,1,1,1,33,1,0,1,7,"Misteri",1
"1550",1,0.495177711644244,1,0,0,0,0,42,1,0,0,9,"Misteri",0
"1552",0,0.299740708349675,0,0,1,1,1,30,1,0,1,11,"Misteri",1
"1553",1,0.794918419993918,1,0,1,0,1,21,0,0,1,5,"Misteri",0
"1554",0,1,1,1,1,0,1,20,1,0,0,7,"Misteri",0
"1557",0,0.495177711644244,1,0,0,0,0,33,1,0,1,5,"Misteri",0
"1558",0,0,0,0,0,1,0,40,1,0,0,5,"Misteri",1
"1559",1,0,0,0,0,1,0,45,1,0,1,4,"Misteri",1
"1561",1,1,1,1,1,0,1,35,1,0,1,9,"Misteri",1
"1563",0,0,0,0,0,1,0,36,1,0,1,6,"Misteri",1
"1565",1,0.501749140715677,0,0,1,0,0,25,1,0,1,10,"Misteri",0
"1566",0,1,1,1,1,0,0,25,1,0,1,3,"Misteri",1
"1567",0,0,0,0,0,1,0,20,0,0,1,8,"Misteri",0
"1568",0,1,1,1,1,0,0,25,0,0,1,13,"Mngao",0
"1569",1,1,1,1,1,0,1,20,1,1,1,7,"Mobroka",1
"1570",1,0,0,0,0,1,1,48,1,0,0,17,"Mogun",0
"1572",1,0,0,0,0,1,0,47,1,0,1,16,"Mokjar",0
"1573",1,0.501749140715677,0,0,1,0,1,36,1,0,0,4,"Moma",0
"1574",0,0,0,0,0,1,1,45,1,0,1,5,"Mon mountain",1
"1575",1,0.205081580006082,0,1,0,1,1,22,0,0,0,6,"Monjar",0
"1576",1,0.592909987627917,1,0,1,1,0,70,1,0,0,8,"Morkai",0
"1577",0,0,0,0,0,1,1,26,1,0,1,5,"Morley",1
"1580",0,0.504822288355756,0,1,1,1,1,25,0,0,1,14,"Mornei",0
"1582",1,0.299740708349675,0,0,1,1,0,36,1,0,1,7,"Mornei",0
"1583",0,0,0,0,0,1,0,25,1,0,1,17,"Mornei",0
"1584",0,0,0,0,0,1,0,60,1,0,1,9,"Mornei",1
"1585",0,0,0,0,0,1,0,35,1,0,1,4,"Mornei",1
"1586",0,0,0,0,0,1,1,35,1,0,1,5,"Mornei",1
"1587",0,0.495177711644244,1,0,0,0,0,55,1,0,1,15,"Mornei",0
"1589",1,0.495177711644244,1,0,0,0,1,40,1,0,1,9,"Mornei",0
"1591",1,1,1,1,1,0,1,34,0,0,1,6,"Mornei",0
"1594",0,0.797991567633998,1,1,1,1,0,30,1,0,1,2,"Mornei",0
"1596",1,0.202008432366002,0,0,0,0,0,51,1,0,0,19,"Mornei",0
"1597",0,0,0,0,0,1,0,45,1,0,1,8,"Mornei",1
"1598",1,0.797991567633998,1,1,1,1,0,33,1,0,1,6,"Motofoka",0
"1599",0,0,0,0,0,1,0,80,1,0,0,13,"Mudaima",0
"1601",1,0,0,0,0,1,1,40,0,0,0,4,"Mujmaja",1
"1605",0,0.592909987627917,1,0,1,1,0,19,1,0,1,9,"Mutia",1
"1606",0,0.202008432366002,0,0,0,0,0,29,1,0,1,8,"Nagenbe",1
"1607",1,0,0,0,0,1,0,20,1,1,1,8,"Nagurma",1
"1608",0,0,0,0,0,1,1,35,1,0,0,3,"Najid Girgita",1
"1609",0,0.202008432366002,0,0,0,0,0,27,1,0,1,7,"Nareema",0
"1613",1,0.293169279278242,1,0,0,1,0,35,1,0,0,6,"Nirtati",0
"1614",1,0.293169279278242,1,0,0,1,0,27,1,0,1,9,"Nouaya",0
"1616",1,1,1,1,1,0,0,28,0,0,0,4,"Om Diring",0
"1617",1,0,0,0,0,1,1,23,1,1,0,7,"Om Dohkon",1
"1618",0,0.495177711644244,1,0,0,0,1,67,1,0,0,10,"Om Dohkon",0
"1619",0,0.202008432366002,0,0,0,0,0,19,0,0,1,10,"Om Dokhon",1
"1621",1,0.797991567633998,1,1,1,1,1,37,1,0,1,4,"Om Dokhon",0
"1622",0,0.495177711644244,1,0,0,0,0,40,1,0,0,6,"Om Dokhon",1
"1624",1,0,0,0,0,1,1,65,1,0,0,10,"Om Dokhon",0
"1626",1,0,0,0,0,1,0,40,1,0,0,12,"Om Dorabero",1
"1627",0,0,0,0,0,1,0,35,1,1,1,4,"Om Dorabero",1
"1628",0,1,1,1,1,0,1,80,1,0,0,10,"Om Dorabero",0
"1632",1,0.202008432366002,0,0,0,0,1,45,1,1,1,6,"Om Drisai",0
"1633",1,0.794918419993918,1,0,1,0,1,38,1,0,0,3,"Om Drisai",0
"1634",0,0,0,0,0,1,0,66,1,0,1,18,"Om Gesha",0
"1635",1,0.794918419993918,1,0,1,0,0,29,1,0,1,4,"Om Kharuba",0
"1636",1,0.202008432366002,0,0,0,0,1,51,1,1,1,13,"Om Kharuba",0
"1638",0,1,1,1,1,0,0,30,1,0,1,7,"Om Kharuba",0
"1642",0,0.797991567633998,1,1,1,1,1,26,0,0,1,20,"Orshi Dam",0
"1644",0,0,0,0,0,1,1,35,1,0,0,5,"Orum",1
"1645",1,0.794918419993918,1,0,1,0,1,39,1,0,1,6,"Orum",0
"1646",0,0,0,0,0,1,1,27,1,0,0,6,"Osore",1
"1647",1,0.293169279278242,1,0,0,1,1,42,1,1,0,10,"Oshishi",0
"1648",0,0,0,0,0,1,0,25,1,1,1,7,"Osore",1
"1649",0,1,1,1,1,0,1,43,1,0,0,13,"Osore",0
"1650",1,0,0,0,0,1,0,60,1,0,0,6,"Ostani",0
"1651",1,0,0,0,0,1,0,55,1,0,0,18,"Ostani",0
"1655",1,0.293169279278242,1,0,0,1,1,39,1,1,0,5,"Oyor",0
"1657",1,0.797991567633998,1,1,1,1,1,32,0,0,1,10,"Qarbar",0
"1658",0,0.293169279278242,1,0,0,1,0,54,1,0,0,8,"Qarbar",0
"1660",0,0.202008432366002,0,0,0,0,0,38,0,0,0,24,"Qookus",1
"1662",1,1,1,1,1,0,1,47,1,0,1,17,"Rafeda",0
"1663",0,0.293169279278242,1,0,0,1,0,40,1,0,1,7,"Rahad Katraya",0
"1664",1,0,0,0,0,1,1,40,1,0,1,9,"Rakasia",0
"1666",1,0.706830720721758,0,1,1,0,1,29,1,1,1,2,"Ramakaya",0
"1667",1,0,0,0,0,1,0,22,1,1,1,4,"Ras Feel",1
"1668",0,0,0,0,0,1,0,40,1,0,0,9,"Ras Tor",1
"1669",0,0.299740708349675,0,0,1,1,0,60,1,1,1,8,"Rayu Ghanam",0
"1670",0,0,0,0,0,1,0,32,1,0,1,4,"Rofida",0
"1671",0,0.293169279278242,1,0,0,1,0,57,1,0,0,9,"Sabaa",0
"1673",0,0.202008432366002,0,0,0,0,0,43,1,0,1,10,"Sabarna",0
"1675",0,0,0,0,0,1,1,26,1,1,1,6,"Sadiga",1
"1676",0,0,0,0,0,1,0,27,1,0,1,7,"Saki",1
"1677",1,0.202008432366002,0,0,0,0,0,49,1,0,0,7,"Sakundje",0
"1678",0,0.293169279278242,1,0,0,1,0,35,1,0,1,9,"Sakutagee",0
"1679",0,0,0,0,0,1,0,35,1,0,1,8,"Salbe",1
"1681",0,0.293169279278242,1,0,0,1,0,57,1,0,1,13,"Saldi",0
"1682",0,0.293169279278242,1,0,0,1,1,35,1,0,0,10,"Silea",1
"1684",0,0.202008432366002,0,0,0,0,1,23,1,0,1,7,"Sandokdo",0
"1689",1,0.202008432366002,0,0,0,0,0,38,1,0,1,15,"Sarb",1
"1690",0,0,0,0,0,1,1,35,1,0,0,7,"Sari",1
"1691",1,1,1,1,1,0,1,27,1,0,0,3,"Saritia",0
"1693",0,0.202008432366002,0,0,0,0,0,20,1,0,1,7,"Sawni",0
"1694",0,0,0,0,0,1,0,59,1,1,1,10,"Sawya",1
"1697",1,0.299740708349675,0,0,1,1,0,25,1,0,1,7,"Seened",1
"1698",0,0.797991567633998,1,1,1,1,1,28,1,0,1,8,"Seesee",0
"1699",0,1,1,1,1,0,0,31,1,0,1,11,"Seline",0
"1701",1,0.299740708349675,0,0,1,1,0,19,1,0,1,12,"Sirba",0
"1702",1,0.592909987627917,1,0,1,1,0,57,1,0,1,14,"Sirba",0
"1703",1,0,0,0,0,1,0,38,1,1,1,4,"Sirba",0
"1704",1,0,0,0,0,1,1,22,1,1,1,2,"Sirba",1
"1705",0,0,0,0,0,1,0,37,0,0,0,6,"Sirba",0
"1706",1,0.794918419993918,1,0,1,0,1,32,1,1,1,3,"Sereha",0
"1709",1,0,0,0,0,1,0,90,1,0,0,5,"Shagiya",0
"1710",1,0.794918419993918,1,0,1,0,1,45,1,0,1,10,"Shajar",1
"1711",0,1,1,1,1,0,0,37,1,0,0,7,"Shajar",0
"1712",0,1,1,1,1,0,1,55,1,0,0,12,"Shajar",0
"1714",1,0,0,0,0,1,0,48,1,0,0,16,"Shalal",0
"1715",1,0,0,0,0,1,0,34,1,0,0,3,"Shalal",0
"1717",1,0,0,0,0,1,0,27,1,0,1,2,"Shetia",0
"1718",1,0,0,0,0,1,0,23,1,0,0,6,"Shetia",1
"1719",0,0,0,0,0,1,1,55,1,0,1,9,"Shilga",0
"1720",0,0.202008432366002,0,0,0,0,0,30,1,0,1,3,"Shoshte",1
"1721",1,0.202008432366002,0,0,0,0,1,26,1,0,1,10,"Shoshte",0
"1722",0,0.797991567633998,1,1,1,1,0,29,1,1,1,5,"Shoshte",1
"1723",0,0,0,0,0,1,0,20,1,0,1,5,"Shoshte",1
"1725",1,0,0,0,0,1,0,35,1,0,0,7,"Silba",0
"1726",0,0,0,0,0,1,1,68,1,0,1,14,"Silba",1
"1729",0,0,0,0,0,1,1,18,0,0,1,5,"Sildee",1
"1730",0,0,0,0,0,1,1,25,1,0,1,8,"Silea",1
"1731",1,0,0,0,0,1,1,20,1,1,1,14,"Silea",0
"1736",0,0,0,0,0,1,1,59,1,0,1,14,"Silea",0
"1738",1,0,0,0,0,1,0,25,1,0,1,4,"Silea",0
"1739",1,0,0,0,0,1,1,30,1,1,1,4,"Silea",1
"1740",0,0,0,0,0,1,1,24,0,0,1,9,"Silea",1
"1741",0,0,0,0,0,1,0,69,1,0,0,15,"Silea",0
"1742",1,0.592909987627917,1,0,1,1,1,30,1,0,1,5,"Silea",0
"1747",0,0.797991567633998,1,1,1,1,1,37,1,0,1,10,"Silea",0
"1749",0,1,1,1,1,0,1,22,0,0,1,9,"Silea",1
"1750",0,0.592909987627917,1,0,1,1,0,18,0,0,1,8,"Silea",1
"1751",0,0.299740708349675,0,0,1,1,0,29,1,0,0,9,"Silea",1
"1752",0,0,0,0,0,1,1,18,1,0,1,6,"Silea",1
"1753",1,0.293169279278242,1,0,0,1,1,28,1,0,1,20,"Silea",0
"1754",0,0.202008432366002,0,0,0,0,1,67,1,0,0,9,"Silea",0
"1755",0,0,0,0,0,1,1,25,1,0,1,12,"Silea",1
"1756",1,0,0,0,0,1,0,80,1,0,1,9,"Silea",0
"1759",0,0,0,0,0,1,0,78,1,0,1,18,"Silea",0
"1761",0,0.202008432366002,0,0,0,0,1,22,1,0,1,9,"Silea",0
"1762",1,0,0,0,0,1,0,58,1,0,1,18,"Silea",0
"1763",0,0,0,0,0,1,1,23,1,0,0,12,"Silea",1
"1765",1,0,0,0,0,1,1,35,1,1,1,9,"Silea",1
"1767",0,0,0,0,0,1,1,30,1,0,0,4,"Silea",1
"1770",0,0.202008432366002,0,0,0,0,1,27,1,0,1,10,"Silea",0
"1771",1,0,0,0,0,1,0,18,0,0,1,7,"Silea",1
"1773",1,0,0,0,0,1,0,46,1,0,0,13,"Silea",0
"1774",0,0,0,0,0,1,0,23,1,0,1,14,"Silea",1
"1775",0,0,0,0,0,1,1,50,1,0,1,38,"Silea",1
"1776",0,0,0,0,0,1,0,26,1,0,0,6,"Silea",1
"1779",0,0,0,0,0,1,1,23,1,0,1,4,"Silea",1
"1780",1,0,0,0,0,1,0,39,1,0,1,5,"Silea",0
"1781",0,0,0,0,0,1,0,23,0,0,1,9,"Silea",1
"1782",0,0,0,0,0,1,1,25,1,0,0,5,"Silea",1
"1788",1,0.794918419993918,1,0,1,0,1,20,0,0,1,10,"Silea",0
"1789",1,0.293169279278242,1,0,0,1,1,37,1,1,1,15,"Silea",0
"1790",0,0.794918419993918,1,0,1,0,0,25,1,1,0,8,"Silea",1
"1792",1,0.592909987627917,1,0,1,1,0,33,1,0,1,6,"Silea",0
"1793",0,0,0,0,0,1,1,25,1,0,1,8,"Silea",1
"1794",1,0,0,0,0,1,0,27,0,0,0,7,"Silea",0
"1795",1,0.592909987627917,1,0,1,1,1,46,1,1,0,14,"Silea",0
"1796",0,1,1,1,1,0,0,42,1,0,0,11,"Silea",0
"1800",0,0,0,0,0,1,1,19,0,0,0,12,"Silea",0
"1802",1,0,0,0,0,1,1,61,1,0,0,11,"Silea",0
"1803",0,0,0,0,0,1,1,22,1,0,1,15,"Silea",1
"1804",0,0,0,0,0,1,0,33,1,0,1,9,"Silea",0
"1805",0,0,0,0,0,1,1,30,1,0,1,4,"Silea",1
"1806",0,0.592909987627917,1,0,1,1,0,38,0,0,1,16,"Silea",0
"1807",1,0,0,0,0,1,1,40,1,0,1,40,"Silea",1
"1808",0,0,0,0,0,1,1,21,1,0,1,8,"Silea",1
"1809",0,0.202008432366002,0,0,0,0,1,27,1,0,1,6,"Silea",1
"1810",0,1,1,1,1,0,1,35,1,0,1,5,"Silea",0
"1811",0,0.202008432366002,0,0,0,0,0,37,1,0,1,5,"Silea",1
"1812",0,0,0,0,0,1,0,18,1,0,1,10,"Silea",1
"1813",0,0,0,0,0,1,0,20,1,0,1,10,"Silea",1
"1814",1,0,0,0,0,1,0,33,1,1,1,4,"Silea",0
"1815",1,0,0,0,0,1,0,36,1,0,0,7,"Silea",0
"1817",0,0.293169279278242,1,0,0,1,0,40,1,0,0,5,"Silea",0
"1819",1,0.202008432366002,0,0,0,0,0,45,1,0,0,18,"Simk Kidik",0
"1821",0,0.202008432366002,0,0,0,0,0,54,1,0,1,11,"Sir",0
"1822",1,0.700259291650325,1,1,0,0,0,49,1,0,1,7,"Sir Khala",1
"1823",1,0.293169279278242,1,0,0,1,1,30,1,1,0,6,"Sirba",0
"1824",1,0.592909987627917,1,0,1,1,1,40,1,1,1,7,"Sirba",0
"1828",0,0,0,0,0,1,1,37,1,0,1,5,"Sirba",1
"1829",0,0,0,0,0,1,0,19,1,1,1,9,"Sirba",1
"1830",0,0,0,0,0,1,0,40,1,0,0,10,"Sirba",1
"1831",1,0,0,0,0,1,0,32,1,0,1,10,"Sirba",0
"1833",1,0.293169279278242,1,0,0,1,1,35,1,1,1,8,"Sirba",0
"1835",0,0.293169279278242,1,0,0,1,0,20,0,0,1,8,"Sirba",1
"1836",1,0.202008432366002,0,0,0,0,0,18,1,0,1,12,"Sirba",0
"1837",1,0.495177711644244,1,0,0,0,0,35,1,1,0,6,"Sirba",0
"1838",0,0,0,0,0,1,1,19,1,0,1,9,"Sirba",1
"1841",0,0.202008432366002,0,0,0,0,0,40,1,0,1,8,"Sirba",0
"1842",0,0,0,0,0,1,1,35,1,0,1,11,"Sirba",1
"1843",0,0,0,0,0,1,0,42,1,0,1,8,"Sirba",0
"1846",0,0,0,0,0,1,1,22,1,0,1,7,"Solobia",1
"1850",1,1,1,1,1,0,1,31,0,0,1,3,"Suwaney",0
"1854",1,0.797991567633998,1,1,1,1,1,44,1,0,1,7,"Tabaldia",0
"1855",1,0.299740708349675,0,0,1,1,1,22,0,0,1,11,"Tabaldia",0
"1857",0,0.202008432366002,0,0,0,0,1,36,1,0,1,8,"Tadkini",1
"1858",0,0,0,0,0,1,1,45,1,0,1,6,"Tagajru",1
"1860",1,0,0,0,0,1,1,33,1,0,0,20,"Tai Kanga",0
"1862",0,0,0,0,0,1,1,30,1,0,1,6,"Talga",1
"1863",0,0,0,0,0,1,0,25,0,1,0,10,"Tanga",0
"1864",0,0.495177711644244,1,0,0,0,0,18,1,0,1,12,"Tandosa",1
"1865",0,0,0,0,0,1,1,45,1,0,1,7,"Tandosa",1
"1866",0,0,0,0,0,1,0,48,1,0,1,9,"Tandosa",1
"1868",0,0,0,0,0,1,1,40,1,0,1,9,"Tandi Karo",1
"1869",0,0.797991567633998,1,1,1,1,0,18,0,0,1,6,"Tandosa",0
"1870",1,0.501749140715677,0,0,1,0,0,59,1,0,1,9,"Tandosa",0
"1871",0,0.202008432366002,0,0,0,0,0,40,1,0,0,9,"Tandosa",1
"1872",1,0.592909987627917,1,0,1,1,0,45,0,0,0,8,"Tandosa",0
"1873",1,0,0,0,0,1,1,50,1,0,0,7,"Tanga",1
"1874",0,0,0,0,0,1,1,25,1,0,1,10,"Tanga",1
"1875",0,0.202008432366002,0,0,0,0,0,33,1,0,1,3,"Tarbeba",0
"1876",1,0.592909987627917,1,0,1,1,0,50,1,0,0,7,"Tarbeba",0
"1877",1,0.794918419993918,1,0,1,0,0,56,1,0,0,15,"Tarbeba",0
"1879",1,0.592909987627917,1,0,1,1,0,33,0,0,0,6,"Tarbeba",0
"1880",1,0.592909987627917,1,0,1,1,0,33,1,0,1,7,"Tarbeba",0
"1882",0,0,0,0,0,1,1,69,1,0,1,23,"Tarbeba",0
"1883",0,0,0,0,0,1,1,22,1,0,1,8,"Tarbeba",1
"1884",0,0.202008432366002,0,0,0,0,0,20,1,0,1,5,"Tarbeba",1
"1886",1,0,0,0,0,1,0,25,1,0,1,6,"Tarbeba",1
"1888",1,0,0,0,0,1,1,37,0,0,0,6,"Tarbeba",0
"1890",1,0.495177711644244,1,0,0,0,1,48,1,0,1,4,"Tarbeba",0
"1892",0,0.202008432366002,0,0,0,0,1,25,1,0,1,4,"Tarbeba",1
"1895",0,0.293169279278242,1,0,0,1,0,33,1,0,1,5,"Tarbeba",0
"1896",0,0.205081580006082,0,1,0,1,0,35,1,0,0,5,"Tarbeba",0
"1897",0,0,0,0,0,1,0,40,1,1,0,7,"Tarbeba",1
"1899",1,0.495177711644244,1,0,0,0,1,32,1,0,0,2,"Tarbeba",0
"1901",1,0,0,0,0,1,0,65,1,1,0,5,"Tarbeba",1
"1902",0,0.202008432366002,0,0,0,0,1,22,1,0,1,4,"Tarbeba",1
"1904",0,0,0,0,0,1,0,35,1,0,0,9,"Tarbeba",1
"1905",1,0.293169279278242,1,0,0,1,0,26,1,0,1,5,"Tarbeba",1
"1906",0,0,0,0,0,1,0,30,1,0,1,4,"Tarbeba",1
"1907",0,0.797991567633998,1,1,1,1,0,48,1,0,0,10,"Tarbeba",0
"1908",0,0.293169279278242,1,0,0,1,1,35,1,0,1,5,"Tarbeba",1
"1910",1,0,0,0,0,1,1,25,1,0,1,8,"Tarbeba",1
"1912",0,0.202008432366002,0,0,0,0,0,45,1,0,1,6,"Tarbeba",1
"1914",0,0.495177711644244,1,0,0,0,0,30,1,0,0,4,"Tarbeba",0
"1916",0,0,0,0,0,1,0,26,1,0,1,6,"Targata",1
"1917",0,0,0,0,0,1,1,29,1,0,1,6,"Tarlabeet",1
"1918",0,0,0,0,0,1,0,20,1,0,1,8,"Tarlety",1
"1921",0,0.293169279278242,1,0,0,1,1,25,1,0,1,8,"Teberia",1
"1923",1,0.501749140715677,0,0,1,0,0,36,1,0,1,4,"Tere",0
"1926",1,0,0,0,0,1,0,52,1,0,0,7,"Terti",0
"1927",1,0.706830720721758,0,1,1,0,1,28,1,1,1,9,"Tina",0
"1928",1,1,1,1,1,0,0,65,0,0,0,17,"Tina",0
"1932",1,0,0,0,0,1,1,35,1,1,1,6,"Tina",1
"1933",0,0,0,0,0,1,0,25,1,0,1,10,"Tina",1
"1934",0,0.202008432366002,0,0,0,0,0,18,0,0,1,9,"Tina",1
"1935",0,0.202008432366002,0,0,0,0,0,39,1,1,1,9,"Tina",1
"1936",0,0.202008432366002,0,0,0,0,0,19,0,0,1,5,"Tina",1
"1938",0,0,0,0,0,1,0,32,1,0,0,6,"Tina",1
"1939",0,0.293169279278242,1,0,0,1,0,20,1,0,1,11,"Tina",0
"1941",0,0.202008432366002,0,0,0,0,0,25,1,0,1,20,"Tina",1
"1942",0,0.202008432366002,0,0,0,0,0,25,1,0,1,40,"Tina",1
"1944",0,0,0,0,0,1,0,27,0,0,0,12,"Tina",1
"1946",0,1,1,1,1,0,1,35,1,1,0,5,"Tina",1
"1947",1,0,0,0,0,1,0,25,0,0,0,22,"Tina",1
"1948",0,0.202008432366002,0,0,0,0,0,30,0,0,1,10,"Tina",1
"1949",0,0.794918419993918,1,0,1,0,1,51,1,1,1,9,"Tina",1
"1951",0,0,0,0,0,1,0,45,1,0,1,8,"Tina",1
"1952",1,1,1,1,1,0,1,45,1,1,0,6,"Tina",0
"1954",1,0.202008432366002,0,0,0,0,0,20,0,0,1,12,"Tina",1
"1955",1,0.498250859284323,1,1,0,1,0,48,1,1,1,13,"Tina",0
"1957",0,0.202008432366002,0,0,0,0,0,20,0,0,1,10,"Tina",1
"1959",1,0,0,0,0,1,1,32,1,0,0,9,"Tindosia",1
"1960",0,0.202008432366002,0,0,0,0,0,60,1,0,1,8,"Tindosia",1
"1963",0,0,0,0,0,1,0,35,1,0,1,7,"Tina",1
"1964",1,1,1,1,1,0,1,53,1,1,0,8,"Tina",0
"1965",1,0.592909987627917,1,0,1,1,0,65,0,0,1,5,"Tinko",0
"1967",1,1,1,1,1,0,1,38,1,0,1,8,"Todobay",0
"1974",0,0,0,0,0,1,0,35,1,0,0,5,"Todobay",1
"1975",0,0,0,0,0,1,0,19,0,0,1,21,"Todusa",1
"1980",0,0,0,0,0,1,1,34,1,1,1,7,"Tolos",1
"1982",1,1,1,1,1,0,1,24,0,0,0,19,"Tolos",0
"1984",0,0,0,0,0,1,1,21,1,0,1,10,"Tolos",1
"1989",1,0,0,0,0,1,1,37,1,0,1,7,"Tolos",0
"1991",1,0.293169279278242,1,0,0,1,1,24,1,0,1,8,"Tolos",1
"1992",0,0.504822288355756,0,1,1,1,0,24,1,0,0,3,"Tolos",1
"1993",0,0,0,0,0,1,0,19,1,0,1,5,"Tolos",0
"1994",1,0,0,0,0,1,1,25,1,1,1,3,"Tolos",1
"1999",1,0.501749140715677,0,0,1,0,1,20,1,0,1,6,"Tolos",1
"2002",1,0.495177711644244,1,0,0,0,1,68,1,0,1,12,"Tondobay",0
"2004",1,0.794918419993918,1,0,1,0,1,35,1,0,1,3,"Tondobay",0
"2008",1,0,0,0,0,1,1,27,1,0,0,7,"Tonogo",1
"2009",1,1,1,1,1,0,1,40,0,0,1,7,"Tor Hilla Bardi",1
"2010",0,1,1,1,1,0,1,34,0,0,0,9,"Torgono",0
"2013",1,0.205081580006082,0,1,0,1,1,26,1,0,1,12,"Tribaba",1
"2016",0,0,0,0,0,1,1,20,1,1,1,3,"Tukul Tukul",1
"2017",1,0,0,0,0,1,1,23,1,0,1,8,"Tukul Tukul",0
"2021",0,0,0,0,0,1,1,42,1,0,0,8,"Tukul Tukul",1
"2022",0,0.202008432366002,0,0,0,0,1,24,0,0,1,2,"Tumbuka",0
"2023",0,0,0,0,0,1,0,62,1,0,0,5,"Tundobaya",0
"2024",1,0.293169279278242,1,0,0,1,0,19,1,0,1,12,"Tundosa",0
"2026",1,0.706830720721758,0,1,1,0,1,34,0,0,0,6,"Tunuko",0
"2028",0,0,0,0,0,1,0,29,1,0,1,8,"Tweng",0
"2030",0,0,0,0,0,1,1,27,1,0,1,7,"Um Aruba",1
"2031",1,1,1,1,1,0,0,26,0,0,1,15,"Um Baro",1
"2033",1,0.501749140715677,0,0,1,0,1,56,1,0,0,16,"Um Baro",0
"2035",0,0,0,0,0,1,1,35,1,0,0,19,"Um Baro",1
"2036",1,0,0,0,0,1,0,35,1,1,1,4,"Um Baro",0
"2040",1,0,0,0,0,1,1,45,1,0,1,9,"Um Baro",0
"2041",0,0.202008432366002,0,0,0,0,0,39,0,0,1,6,"Um Baro",0
"2042",0,0,0,0,0,1,0,23,1,0,1,10,"Um Baro",0
"2043",1,0.202008432366002,0,0,0,0,1,26,1,0,0,9,"Um Baro",0
"2045",1,0.202008432366002,0,0,0,0,1,37,1,0,0,5,"Um Baro",0
"2046",0,0.293169279278242,1,0,0,1,1,40,1,0,0,10,"Um Baro",1
"2047",0,0,0,0,0,1,0,27,0,0,1,9,"Um Baro",1
"2048",1,0.501749140715677,0,0,1,0,0,37,0,0,0,2,"Um Baro",0
"2049",0,0.293169279278242,1,0,0,1,1,24,1,1,1,5,"Um Baro",1
"2051",1,0.592909987627917,1,0,1,1,1,19,1,1,1,11,"Um Baro",0
"2052",0,0.202008432366002,0,0,0,0,0,27,1,1,1,8,"Um Baro",1
"2054",1,0,0,0,0,1,0,50,1,0,1,26,"Um Baro",0
"2058",0,0,0,0,0,1,0,45,1,0,0,5,"Um Baro",1
"2059",1,0.293169279278242,1,0,0,1,0,40,1,1,0,12,"Um Baro",0
"2061",0,0.293169279278242,1,0,0,1,0,45,1,0,0,10,"Um Baro",1
"2062",0,1,1,1,1,0,0,40,1,0,1,2,"Um Chouch",0
"2064",1,0.202008432366002,0,0,0,0,1,27,1,0,0,4,"Um Darabairu",0
"2065",1,0.202008432366002,0,0,0,0,1,51,1,0,0,5,"Um Darabiru",1
"2068",1,0,0,0,0,1,0,33,1,0,1,8,"Um Deriwa",0
"2069",0,0,0,0,0,1,0,27,1,0,1,5,"Um Deriwa",1
"2070",1,0.299740708349675,0,0,1,1,0,36,0,0,1,8,"Um Dorbiro",0
"2071",1,0.794918419993918,1,0,1,0,1,47,1,0,0,10,"Um Drisa",0
"2072",0,0,0,0,0,1,0,20,1,1,1,5,"Um Gabeera",1
"2073",0,1,1,1,1,0,1,27,0,0,1,8,"Um Haruba",0
"2074",0,0.794918419993918,1,0,1,0,1,31,1,0,1,3,"Um Horoba",0
"2077",0,0.202008432366002,0,0,0,0,0,32,1,0,1,16,"Um Kharouba",1
"2079",0,0.504822288355756,0,1,1,1,0,30,1,0,1,4,"Um Kheir",1
"2080",1,0.495177711644244,1,0,0,0,0,38,1,0,0,8,"Um Kheir",0
"2081",1,0,0,0,0,1,1,18,1,0,1,7,"Um Kheir",0
"2082",0,0.794918419993918,1,0,1,0,1,34,0,0,1,7,"Um Kheir",0
"2083",0,0,0,0,0,1,0,35,1,0,1,3,"Um Kheir",1
"2084",0,0.293169279278242,1,0,0,1,1,23,1,0,1,15,"Um Kheir",1
"2085",0,1,1,1,1,0,1,37,1,0,1,8,"Um Kheir",1
"2086",1,0,0,0,0,1,1,80,1,0,1,9,"Um Kheir",1
"2091",1,0.202008432366002,0,0,0,0,0,26,1,0,0,7,"Um Khorba",0
"2093",0,0.794918419993918,1,0,1,0,0,25,1,0,1,9,"Um Majara",1
"2094",1,0,0,0,0,1,1,35,1,0,1,6,"Um Roam",1
"2096",1,0.202008432366002,0,0,0,0,1,18,1,0,0,5,"Um Shegera",1
"2097",1,1,1,1,1,0,0,84,0,0,1,5,"Um Yuuyra",0
"2098",0,0.495177711644244,1,0,0,0,0,35,1,0,1,6,"Urdee",0
"2100",1,0,0,0,0,1,0,25,1,0,1,4,"Urum",1
"2103",0,0.797991567633998,1,1,1,1,0,72,1,0,0,14,"Urum",0
"2106",0,0,0,0,0,1,1,75,1,0,0,20,"Usri",0
"2107",0,0.202008432366002,0,0,0,0,0,27,1,0,1,8,"Ustani",0
"2108",0,1,1,1,1,0,0,35,1,0,0,5,"Varum",0
"2109",0,0.592909987627917,1,0,1,1,0,18,0,0,1,8,"Varum",0
"2110",0,0,0,0,0,1,0,38,1,0,1,7,"Wada Alnil",1
"2113",1,0.202008432366002,0,0,0,0,1,46,1,0,1,16,"Wadareeb",0
"2115",0,0.202008432366002,0,0,0,0,1,25,1,0,1,14,"Wadareeb",1
"2118",1,0,0,0,0,1,1,50,1,1,1,8,"Wadi Kaja",1
"2120",1,0.797991567633998,1,1,1,1,1,34,0,0,1,8,"Wadi Nyala",0
"2122",1,0.202008432366002,0,0,0,0,1,37,0,0,1,5,"Wadi Nyala",0
"2123",0,0,0,0,0,1,0,24,0,0,1,9,"Wadi Nyala",1
"2124",1,0,0,0,0,1,0,27,1,0,1,7,"Wadi Nyala",0
"2126",0,0.495177711644244,1,0,0,0,1,27,1,0,1,8,"Wadi Nyala",0
"2127",1,0.797991567633998,1,1,1,1,0,36,0,0,1,5,"Wadi Nyala",0
"2128",0,0,0,0,0,1,1,45,1,0,0,5,"Wadi Nyala",1
"2129",0,0.293169279278242,1,0,0,1,0,25,1,0,1,2,"Wadi Nyala",1
"2130",1,0,0,0,0,1,1,20,1,0,1,4,"Wadi Nyala",1
"2131",1,0,0,0,0,1,1,20,1,1,1,7,"Wadi Rati",1
"2132",0,0,0,0,0,1,1,41,1,0,0,6,"Wadi Salih",0
"2134",0,0,0,0,0,1,1,25,0,0,1,19,"Wadi Salih",1
"2135",0,0.299740708349675,0,0,1,1,0,26,1,0,0,16,"Wadi Salih",1
"2137",1,0,0,0,0,1,1,35,1,1,0,14,"Waimana",1
"2138",0,0,0,0,0,1,0,19,1,0,1,9,"Al Geneina",1
"2139",1,0,0,0,0,1,0,34,1,0,0,15,"West Jagama",0
"2140",1,0,0,0,0,1,0,75,1,0,0,7,"Wigo",0
"2142",1,0,0,0,0,1,1,40,1,0,0,7,"Yahya",0
"2145",0,0.501749140715677,0,0,1,0,1,38,1,0,1,10,"Yuru",0
"2146",0,0.202008432366002,0,0,0,0,0,39,1,0,0,8,"Zalingi",0
"2147",0,0,0,0,0,1,1,38,1,0,1,6,"Zalingi",1
"2152",1,0.797991567633998,1,1,1,1,0,35,0,0,1,5,"the eastern quarter",0
